Date & Time,Event Name,Dig Button on/off,Photoresistor,Temp (celsius); Humidity
"November 21, 2019 at 03:59PM",esp8266_readings,0,896,18.00;50.00
"November 21, 2019 at 04:00PM",esp8266_readings,0,898,18.00;50.00
"November 21, 2019 at 04:01PM",esp8266_readings,0,907,18.00;49.00
"November 21, 2019 at 04:02PM",esp8266_readings,0,916,18.00;50.00
"November 21, 2019 at 04:03PM",esp8266_readings,0,924,18.00;50.00
"November 21, 2019 at 04:04PM",esp8266_readings,0,927,18.00;50.00
"November 21, 2019 at 04:05PM",esp8266_readings,0,936,18.00;50.00
"November 21, 2019 at 04:06PM",esp8266_readings,0,939,18.00;50.00
"November 21, 2019 at 04:07PM",esp8266_readings,0,940,18.00;50.00
"November 21, 2019 at 04:08PM",esp8266_readings,0,940,18.00;50.00
"November 21, 2019 at 04:09PM",esp8266_readings,0,937,17.90;49.00
"November 21, 2019 at 04:10PM",esp8266_readings,0,934,17.90;49.00
"November 21, 2019 at 04:11PM",esp8266_readings,0,936,17.90;49.00
"November 21, 2019 at 04:12PM",esp8266_readings,0,938,17.90;49.00
"November 21, 2019 at 04:13PM",esp8266_readings,0,928,17.90;49.00
"November 21, 2019 at 04:14PM",esp8266_readings,0,924,17.90;49.00
"November 21, 2019 at 04:15PM",esp8266_readings,0,924,17.90;49.00
"November 21, 2019 at 04:16PM",esp8266_readings,0,926,17.90;48.00
"November 21, 2019 at 04:17PM",esp8266_readings,0,927,17.90;48.00
"November 21, 2019 at 04:18PM",esp8266_readings,0,924,17.90;49.00
"November 21, 2019 at 04:19PM",esp8266_readings,0,926,17.90;49.00
"November 21, 2019 at 04:20PM",esp8266_readings,0,926,17.90;49.00
"November 21, 2019 at 04:21PM",esp8266_readings,0,928,17.90;49.00
"November 21, 2019 at 04:22PM",esp8266_readings,0,936,17.90;49.00
"November 21, 2019 at 04:23PM",esp8266_readings,0,944,17.90;49.00
"November 21, 2019 at 04:24PM",esp8266_readings,0,951,17.90;49.00
"November 21, 2019 at 04:25PM",esp8266_readings,0,954,17.90;49.00
"November 21, 2019 at 04:26PM",esp8266_readings,0,957,17.90;49.00
"November 21, 2019 at 04:27PM",esp8266_readings,0,965,17.90;49.00
"November 21, 2019 at 04:28PM",esp8266_readings,0,970,17.90;49.00
"November 21, 2019 at 04:29PM",esp8266_readings,0,973,17.90;49.00
"November 21, 2019 at 04:30PM",esp8266_readings,0,977,17.90;49.00
"November 21, 2019 at 04:31PM",esp8266_readings,0,989,17.90;49.00
"November 21, 2019 at 04:32PM",esp8266_readings,0,996,17.90;49.00
"November 21, 2019 at 04:33PM",esp8266_readings,0,1000,17.90;49.00
"November 21, 2019 at 04:34PM",esp8266_readings,0,1009,17.90;49.00
"November 21, 2019 at 04:35PM",esp8266_readings,0,1013,17.90;49.00
"November 21, 2019 at 04:36PM",esp8266_readings,0,1014,17.90;49.00
"November 21, 2019 at 04:37PM",esp8266_readings,0,1015,17.90;49.00
"November 21, 2019 at 04:38PM",esp8266_readings,0,1017,17.90;48.00
"November 21, 2019 at 04:39PM",esp8266_readings,0,1017,17.90;49.00
"November 21, 2019 at 04:40PM",esp8266_readings,0,1017,17.90;49.00
"November 21, 2019 at 04:41PM",esp8266_readings,0,1018,17.90;49.00
"November 21, 2019 at 04:42PM",esp8266_readings,0,1018,17.90;49.00
"November 21, 2019 at 04:43PM",esp8266_readings,0,1020,17.90;50.00
"November 21, 2019 at 04:44PM",esp8266_readings,0,1022,18.00;51.00
"November 21, 2019 at 04:45PM",esp8266_readings,0,1024,18.00;51.00
"November 21, 2019 at 04:46PM",esp8266_readings,0,1024,18.00;52.00
"November 21, 2019 at 04:47PM",esp8266_readings,0,1024,18.00;53.00
"November 21, 2019 at 04:48PM",esp8266_readings,0,1024,18.10;54.00
"November 21, 2019 at 04:49PM",esp8266_readings,0,1024,18.10;54.00
"November 21, 2019 at 04:50PM",esp8266_readings,0,1024,18.20;54.00
"November 21, 2019 at 04:51PM",esp8266_readings,0,1024,18.20;54.00
"November 21, 2019 at 04:52PM",esp8266_readings,0,1024,18.20;54.00
"November 21, 2019 at 04:53PM",esp8266_readings,0,1024,18.30;54.00
"November 21, 2019 at 04:54PM",esp8266_readings,0,1024,18.30;54.00
"November 21, 2019 at 04:55PM",esp8266_readings,0,1024,18.30;54.00
"November 21, 2019 at 04:56PM",esp8266_readings,0,1024,18.30;54.00
"November 21, 2019 at 04:57PM",esp8266_readings,0,1024,18.40;54.00
"November 21, 2019 at 04:58PM",esp8266_readings,0,1024,18.40;54.00
"November 21, 2019 at 04:59PM",esp8266_readings,0,1024,18.40;54.00
"November 21, 2019 at 05:00PM",esp8266_readings,0,1024,18.40;54.00
"November 21, 2019 at 05:01PM",esp8266_readings,0,1024,18.40;53.00
"November 21, 2019 at 05:02PM",esp8266_readings,0,1024,18.50;53.00
"November 21, 2019 at 05:03PM",esp8266_readings,0,1024,18.50;53.00
"November 21, 2019 at 05:04PM",esp8266_readings,0,1024,18.50;53.00
"November 21, 2019 at 05:05PM",esp8266_readings,0,1024,18.50;53.00
"November 21, 2019 at 05:06PM",esp8266_readings,0,1024,18.50;52.00
"November 21, 2019 at 05:07PM",esp8266_readings,0,1024,18.60;52.00
"November 21, 2019 at 05:08PM",esp8266_readings,0,1024,18.60;52.00
"November 21, 2019 at 05:09PM",esp8266_readings,0,1024,18.60;51.00
"November 21, 2019 at 05:10PM",esp8266_readings,0,1024,18.60;51.00
"November 21, 2019 at 05:11PM",esp8266_readings,0,1024,18.60;51.00
"November 21, 2019 at 05:12PM",esp8266_readings,0,1024,18.50;51.00
"November 21, 2019 at 05:13PM",esp8266_readings,0,1024,18.50;51.00
"November 21, 2019 at 05:14PM",esp8266_readings,0,1024,18.50;51.00
"November 21, 2019 at 05:15PM",esp8266_readings,0,1024,18.50;51.00
"November 21, 2019 at 05:16PM",esp8266_readings,0,1024,18.50;51.00
"November 21, 2019 at 05:17PM",esp8266_readings,0,1024,18.50;51.00
"November 21, 2019 at 05:18PM",esp8266_readings,0,1024,18.50;51.00
"November 21, 2019 at 05:19PM",esp8266_readings,0,1024,18.50;50.00
"November 21, 2019 at 05:20PM",esp8266_readings,0,1024,18.50;51.00
"November 21, 2019 at 05:21PM",esp8266_readings,0,1024,18.50;50.00
"November 21, 2019 at 05:22PM",esp8266_readings,0,1024,18.50;50.00
"November 21, 2019 at 05:23PM",esp8266_readings,0,1024,18.50;50.00
"November 21, 2019 at 05:24PM",esp8266_readings,0,1024,18.50;50.00
"November 21, 2019 at 05:25PM",esp8266_readings,0,1024,18.50;51.00
"November 21, 2019 at 05:26PM",esp8266_readings,0,1024,18.50;51.00
"November 21, 2019 at 05:27PM",esp8266_readings,0,1024,18.50;51.00
"November 21, 2019 at 05:28PM",esp8266_readings,0,1024,18.50;51.00
"November 21, 2019 at 05:29PM",esp8266_readings,0,1024,18.50;51.00
"November 21, 2019 at 05:30PM",esp8266_readings,0,1024,18.50;51.00
"November 21, 2019 at 05:31PM",esp8266_readings,0,1024,18.50;51.00
"November 21, 2019 at 05:32PM",esp8266_readings,0,1024,18.60;51.00
"November 21, 2019 at 05:33PM",esp8266_readings,0,1024,18.60;51.00
"November 21, 2019 at 05:34PM",esp8266_readings,0,1024,18.60;51.00
"November 21, 2019 at 05:35PM",esp8266_readings,0,1024,18.60;50.00
"November 21, 2019 at 05:36PM",esp8266_readings,0,1024,18.60;51.00
"November 21, 2019 at 05:37PM",esp8266_readings,0,1024,18.60;51.00
"November 21, 2019 at 05:38PM",esp8266_readings,0,1024,18.60;51.00
"November 21, 2019 at 05:39PM",esp8266_readings,0,1024,18.60;50.00
"November 21, 2019 at 05:40PM",esp8266_readings,0,1024,18.60;51.00
"November 21, 2019 at 05:41PM",esp8266_readings,0,1024,18.60;51.00
"November 21, 2019 at 05:42PM",esp8266_readings,0,1024,18.60;51.00
"November 21, 2019 at 05:43PM",esp8266_readings,0,1024,18.60;51.00
"November 21, 2019 at 05:44PM",esp8266_readings,0,1024,18.60;51.00
"November 21, 2019 at 05:45PM",esp8266_readings,0,1024,18.60;52.00
"November 21, 2019 at 05:46PM",esp8266_readings,0,1024,18.60;52.00
"November 21, 2019 at 05:47PM",esp8266_readings,0,1024,18.60;52.00
"November 21, 2019 at 05:48PM",esp8266_readings,0,1024,18.70;52.00
"November 21, 2019 at 05:49PM",esp8266_readings,0,1024,18.70;52.00
"November 21, 2019 at 05:50PM",esp8266_readings,0,1024,18.70;52.00
"November 21, 2019 at 05:51PM",esp8266_readings,0,1024,18.70;51.00
"November 21, 2019 at 05:52PM",esp8266_readings,0,1024,18.70;52.00
"November 21, 2019 at 05:53PM",esp8266_readings,0,1024,18.70;52.00
"November 21, 2019 at 05:54PM",esp8266_readings,0,1024,18.70;52.00
"November 21, 2019 at 05:55PM",esp8266_readings,0,1024,18.70;51.00
"November 21, 2019 at 05:56PM",esp8266_readings,0,1024,18.70;51.00
"November 21, 2019 at 05:57PM",esp8266_readings,0,1024,18.70;51.00
"November 21, 2019 at 05:58PM",esp8266_readings,0,1024,18.70;51.00
"November 21, 2019 at 05:59PM",esp8266_readings,0,1024,18.70;51.00
"November 21, 2019 at 06:00PM",esp8266_readings,0,1024,18.70;51.00
"November 21, 2019 at 06:02PM",esp8266_readings,0,614,18.70;51.00
"November 21, 2019 at 06:03PM",esp8266_readings,0,567,18.70;51.00
"November 21, 2019 at 06:04PM",esp8266_readings,0,552,18.80;51.00
"November 21, 2019 at 06:05PM",esp8266_readings,0,546,18.80;52.00
"November 21, 2019 at 06:06PM",esp8266_readings,0,545,18.80;52.00
"November 21, 2019 at 06:07PM",esp8266_readings,0,545,18.90;52.00
"November 21, 2019 at 06:08PM",esp8266_readings,0,546,18.90;52.00
"November 21, 2019 at 06:09PM",esp8266_readings,0,547,18.90;52.00
"November 21, 2019 at 06:10PM",esp8266_readings,0,547,18.90;52.00
"November 21, 2019 at 06:11PM",esp8266_readings,0,546,18.90;52.00
"November 21, 2019 at 06:12PM",esp8266_readings,0,549,18.90;51.00
"November 21, 2019 at 06:13PM",esp8266_readings,0,547,18.90;51.00
"November 21, 2019 at 06:14PM",esp8266_readings,0,546,18.90;51.00
"November 21, 2019 at 06:15PM",esp8266_readings,0,549,18.90;52.00
"November 21, 2019 at 06:16PM",esp8266_readings,0,550,18.90;51.00
"November 21, 2019 at 06:17PM",esp8266_readings,0,547,18.90;51.00
"November 21, 2019 at 06:18PM",esp8266_readings,0,549,18.90;51.00
"November 21, 2019 at 06:19PM",esp8266_readings,0,552,18.90;51.00
"November 21, 2019 at 06:20PM",esp8266_readings,0,552,18.90;51.00
"November 21, 2019 at 06:21PM",esp8266_readings,0,552,18.90;51.00
"November 21, 2019 at 06:22PM",esp8266_readings,0,549,18.90;51.00
"November 21, 2019 at 06:23PM",esp8266_readings,0,549,18.90;51.00
"November 21, 2019 at 06:24PM",esp8266_readings,0,550,18.90;51.00
"November 21, 2019 at 06:25PM",esp8266_readings,0,550,18.90;51.00
"November 21, 2019 at 06:26PM",esp8266_readings,0,549,18.90;51.00
"November 21, 2019 at 06:27PM",esp8266_readings,0,550,19.00;51.00
"November 21, 2019 at 06:28PM",esp8266_readings,0,549,19.00;50.00
"November 21, 2019 at 06:29PM",esp8266_readings,0,553,19.00;50.00
"November 21, 2019 at 06:30PM",esp8266_readings,0,553,19.00;50.00
"November 21, 2019 at 06:31PM",esp8266_readings,0,554,19.00;50.00
"November 21, 2019 at 06:32PM",esp8266_readings,0,553,19.00;50.00
"November 21, 2019 at 06:33PM",esp8266_readings,0,554,19.00;50.00
"November 21, 2019 at 06:34PM",esp8266_readings,0,552,19.00;50.00
"November 21, 2019 at 06:35PM",esp8266_readings,0,555,19.00;49.00
"November 21, 2019 at 06:36PM",esp8266_readings,0,554,19.00;50.00
"November 21, 2019 at 06:37PM",esp8266_readings,0,552,19.00;49.00
"November 21, 2019 at 06:38PM",esp8266_readings,0,552,19.00;50.00
"November 21, 2019 at 06:39PM",esp8266_readings,0,555,19.00;50.00
"November 21, 2019 at 06:40PM",esp8266_readings,0,554,19.00;50.00
"November 21, 2019 at 06:41PM",esp8266_readings,0,553,19.00;49.00
"November 21, 2019 at 06:42PM",esp8266_readings,0,553,19.00;49.00
"November 21, 2019 at 06:43PM",esp8266_readings,0,555,19.00;49.00
"November 21, 2019 at 06:44PM",esp8266_readings,0,553,19.00;50.00
"November 21, 2019 at 06:45PM",esp8266_readings,0,552,19.00;50.00
"November 21, 2019 at 06:46PM",esp8266_readings,0,553,19.00;50.00
"November 21, 2019 at 06:47PM",esp8266_readings,0,553,19.10;49.00
"November 21, 2019 at 06:48PM",esp8266_readings,0,555,19.10;50.00
"November 21, 2019 at 06:49PM",esp8266_readings,0,553,19.10;50.00
"November 21, 2019 at 06:50PM",esp8266_readings,0,555,19.10;50.00
"November 21, 2019 at 06:51PM",esp8266_readings,0,555,19.10;50.00
"November 21, 2019 at 06:52PM",esp8266_readings,0,555,19.10;50.00
"November 21, 2019 at 06:53PM",esp8266_readings,0,555,19.10;50.00
"November 21, 2019 at 06:54PM",esp8266_readings,0,555,19.10;50.00
"November 21, 2019 at 06:55PM",esp8266_readings,0,555,19.10;50.00
"November 21, 2019 at 06:56PM",esp8266_readings,0,556,19.10;50.00
"November 21, 2019 at 06:57PM",esp8266_readings,0,556,19.10;50.00
"November 21, 2019 at 06:58PM",esp8266_readings,0,553,19.10;49.00
"November 21, 2019 at 06:59PM",esp8266_readings,0,556,19.10;50.00
"November 21, 2019 at 07:00PM",esp8266_readings,0,554,19.10;49.00
"November 21, 2019 at 07:01PM",esp8266_readings,0,555,19.10;50.00
"November 21, 2019 at 07:02PM",esp8266_readings,0,556,19.10;49.00
"November 21, 2019 at 07:03PM",esp8266_readings,0,555,19.10;49.00
"November 21, 2019 at 07:04PM",esp8266_readings,0,556,19.20;50.00
"November 21, 2019 at 07:05PM",esp8266_readings,0,556,19.20;49.00
"November 21, 2019 at 07:06PM",esp8266_readings,0,554,19.20;49.00
"November 21, 2019 at 07:07PM",esp8266_readings,0,555,19.20;48.00
"November 21, 2019 at 07:08PM",esp8266_readings,0,556,19.20;48.00
"November 21, 2019 at 07:09PM",esp8266_readings,0,555,19.20;49.00
"November 21, 2019 at 07:10PM",esp8266_readings,0,556,19.20;49.00
"November 21, 2019 at 07:11PM",esp8266_readings,0,555,19.20;49.00
"November 21, 2019 at 07:12PM",esp8266_readings,0,555,19.20;49.00
"November 21, 2019 at 07:13PM",esp8266_readings,0,557,19.20;49.00
"November 21, 2019 at 07:14PM",esp8266_readings,0,555,19.20;49.00
"November 21, 2019 at 07:15PM",esp8266_readings,0,554,19.20;49.00
"November 21, 2019 at 07:16PM",esp8266_readings,0,557,19.20;50.00
"November 21, 2019 at 07:17PM",esp8266_readings,0,556,19.20;48.00
"November 21, 2019 at 07:18PM",esp8266_readings,0,555,19.30;49.00
"November 21, 2019 at 07:19PM",esp8266_readings,0,556,19.20;49.00
"November 21, 2019 at 07:20PM",esp8266_readings,0,557,19.30;48.00
"November 21, 2019 at 07:21PM",esp8266_readings,0,556,19.20;49.00
"November 21, 2019 at 07:22PM",esp8266_readings,0,555,19.30;49.00
"November 21, 2019 at 07:23PM",esp8266_readings,0,555,19.30;49.00
"November 21, 2019 at 07:24PM",esp8266_readings,0,558,19.30;49.00
"November 21, 2019 at 07:25PM",esp8266_readings,0,556,19.30;49.00
"November 21, 2019 at 07:26PM",esp8266_readings,0,555,19.30;49.00
"November 21, 2019 at 07:27PM",esp8266_readings,0,557,19.30;49.00
"November 21, 2019 at 07:28PM",esp8266_readings,0,557,19.30;49.00
"November 21, 2019 at 07:29PM",esp8266_readings,0,556,19.30;48.00
"November 21, 2019 at 07:30PM",esp8266_readings,0,556,19.30;48.00
"November 21, 2019 at 07:31PM",esp8266_readings,0,556,19.30;49.00
"November 21, 2019 at 07:32PM",esp8266_readings,0,557,19.30;48.00
"November 21, 2019 at 07:33PM",esp8266_readings,0,556,19.30;49.00
"November 21, 2019 at 07:34PM",esp8266_readings,0,555,19.30;49.00
"November 21, 2019 at 07:35PM",esp8266_readings,0,558,19.30;49.00
"November 21, 2019 at 07:36PM",esp8266_readings,0,555,19.30;48.00
"November 21, 2019 at 07:37PM",esp8266_readings,0,555,19.30;48.00
"November 21, 2019 at 07:38PM",esp8266_readings,0,557,19.30;48.00
"November 21, 2019 at 07:39PM",esp8266_readings,0,556,19.30;47.00
"November 21, 2019 at 07:40PM",esp8266_readings,0,557,19.30;48.00
"November 21, 2019 at 07:41PM",esp8266_readings,0,555,19.30;48.00
"November 21, 2019 at 07:42PM",esp8266_readings,0,559,19.30;49.00
"November 21, 2019 at 07:43PM",esp8266_readings,0,556,19.30;49.00
"November 21, 2019 at 07:44PM",esp8266_readings,0,559,19.30;48.00
"November 21, 2019 at 07:45PM",esp8266_readings,0,556,19.30;49.00
"November 21, 2019 at 07:46PM",esp8266_readings,0,560,19.40;49.00
"November 21, 2019 at 07:47PM",esp8266_readings,0,555,19.40;48.00
"November 21, 2019 at 07:48PM",esp8266_readings,0,557,19.40;48.00
"November 21, 2019 at 07:49PM",esp8266_readings,0,557,19.40;49.00
"November 21, 2019 at 07:50PM",esp8266_readings,0,556,19.40;48.00
"November 21, 2019 at 07:51PM",esp8266_readings,0,559,19.40;48.00
"November 21, 2019 at 07:52PM",esp8266_readings,0,557,19.40;49.00
"November 21, 2019 at 07:53PM",esp8266_readings,0,556,19.40;48.00
"November 21, 2019 at 07:54PM",esp8266_readings,0,557,19.40;48.00
"November 21, 2019 at 07:55PM",esp8266_readings,0,559,19.40;49.00
"November 21, 2019 at 07:56PM",esp8266_readings,0,561,19.40;48.00
"November 21, 2019 at 07:57PM",esp8266_readings,0,559,19.40;48.00
"November 21, 2019 at 07:58PM",esp8266_readings,0,559,19.40;48.00
"November 21, 2019 at 07:59PM",esp8266_readings,0,557,19.40;48.00
"November 21, 2019 at 08:00PM",esp8266_readings,0,558,19.40;48.00
"November 21, 2019 at 08:01PM",esp8266_readings,0,557,19.40;48.00
"November 21, 2019 at 08:02PM",esp8266_readings,0,556,19.40;49.00
"November 21, 2019 at 08:03PM",esp8266_readings,0,1024,19.40;48.00
"November 21, 2019 at 08:04PM",esp8266_readings,1,556,19.40;48.00
"November 21, 2019 at 08:05PM",esp8266_readings,1,559,19.40;48.00
"November 21, 2019 at 08:06PM",esp8266_readings,1,557,19.40;48.00
"November 21, 2019 at 08:07PM",esp8266_readings,1,560,19.50;48.00
"November 21, 2019 at 08:08PM",esp8266_readings,1,560,19.40;47.00
"November 21, 2019 at 08:09PM",esp8266_readings,1,556,19.40;47.00
"November 21, 2019 at 08:10PM",esp8266_readings,1,559,19.40;48.00
"November 21, 2019 at 08:11PM",esp8266_readings,1,557,19.40;48.00
"November 21, 2019 at 08:12PM",esp8266_readings,1,556,19.50;48.00
"November 21, 2019 at 08:13PM",esp8266_readings,1,559,19.40;48.00
"November 21, 2019 at 08:14PM",esp8266_readings,1,560,19.40;47.00
"November 21, 2019 at 08:15PM",esp8266_readings,1,560,19.40;47.00
"November 21, 2019 at 08:16PM",esp8266_readings,1,558,19.50;48.00
"November 21, 2019 at 08:17PM",esp8266_readings,1,557,19.50;47.00
"November 21, 2019 at 08:18PM",esp8266_readings,1,556,19.50;47.00
"November 21, 2019 at 08:19PM",esp8266_readings,1,560,19.50;46.00
"November 21, 2019 at 08:20PM",esp8266_readings,1,557,19.40;47.00
"November 21, 2019 at 08:21PM",esp8266_readings,1,560,19.50;48.00
"November 21, 2019 at 08:22PM",esp8266_readings,1,556,19.50;48.00
"November 21, 2019 at 08:23PM",esp8266_readings,1,559,19.50;47.00
"November 21, 2019 at 08:24PM",esp8266_readings,1,560,19.50;47.00
"November 21, 2019 at 08:25PM",esp8266_readings,1,560,19.50;46.00
"November 21, 2019 at 08:26PM",esp8266_readings,1,558,19.50;46.00
"November 21, 2019 at 08:27PM",esp8266_readings,1,560,19.50;47.00
"November 21, 2019 at 08:28PM",esp8266_readings,1,557,19.50;47.00
"November 21, 2019 at 08:29PM",esp8266_readings,1,560,19.50;46.00
"November 21, 2019 at 08:30PM",esp8266_readings,1,559,19.50;46.00
"November 21, 2019 at 08:31PM",esp8266_readings,1,557,19.50;45.00
"November 21, 2019 at 08:32PM",esp8266_readings,1,560,19.40;45.00
"November 21, 2019 at 08:33PM",esp8266_readings,1,560,19.30;45.00
"November 21, 2019 at 08:34PM",esp8266_readings,1,559,19.30;45.00
"November 21, 2019 at 08:35PM",esp8266_readings,1,560,19.20;46.00
"November 21, 2019 at 08:36PM",esp8266_readings,1,557,19.10;45.00
"November 21, 2019 at 08:37PM",esp8266_readings,1,560,19.10;46.00
"November 21, 2019 at 08:38PM",esp8266_readings,1,557,19.00;46.00
"November 21, 2019 at 08:39PM",esp8266_readings,1,559,19.00;46.00
"November 21, 2019 at 08:40PM",esp8266_readings,1,559,19.00;46.00
"November 21, 2019 at 08:41PM",esp8266_readings,1,560,18.90;46.00
"November 21, 2019 at 08:42PM",esp8266_readings,1,559,18.90;46.00
"November 21, 2019 at 08:43PM",esp8266_readings,1,559,18.90;46.00
"November 21, 2019 at 08:44PM",esp8266_readings,1,557,18.90;46.00
"November 21, 2019 at 08:45PM",esp8266_readings,1,559,18.90;46.00
"November 21, 2019 at 08:46PM",esp8266_readings,1,556,18.90;46.00
"November 21, 2019 at 08:47PM",esp8266_readings,1,559,18.90;46.00
"November 21, 2019 at 08:48PM",esp8266_readings,1,557,18.80;46.00
"November 21, 2019 at 08:49PM",esp8266_readings,1,556,18.80;46.00
"November 21, 2019 at 08:50PM",esp8266_readings,1,556,18.80;46.00
"November 21, 2019 at 08:51PM",esp8266_readings,1,559,18.80;46.00
"November 21, 2019 at 08:52PM",esp8266_readings,1,559,18.80;47.00
"November 21, 2019 at 08:53PM",esp8266_readings,1,558,18.80;46.00
"November 21, 2019 at 08:54PM",esp8266_readings,1,559,18.80;46.00
"November 21, 2019 at 08:55PM",esp8266_readings,1,558,18.70;46.00
"November 21, 2019 at 08:56PM",esp8266_readings,1,556,18.70;46.00
"November 21, 2019 at 08:57PM",esp8266_readings,1,559,18.70;47.00
"November 21, 2019 at 08:58PM",esp8266_readings,1,556,18.70;46.00
"November 21, 2019 at 08:59PM",esp8266_readings,1,559,18.70;46.00
"November 21, 2019 at 09:00PM",esp8266_readings,1,557,18.70;47.00
"November 21, 2019 at 09:01PM",esp8266_readings,1,556,18.70;47.00
"November 21, 2019 at 09:02PM",esp8266_readings,1,556,18.70;47.00
"November 21, 2019 at 09:03PM",esp8266_readings,1,557,18.70;47.00
"November 21, 2019 at 09:04PM",esp8266_readings,1,559,18.70;47.00
"November 21, 2019 at 09:05PM",esp8266_readings,1,557,18.60;46.00
"November 21, 2019 at 09:06PM",esp8266_readings,1,558,18.60;47.00
"November 21, 2019 at 09:07PM",esp8266_readings,1,558,18.60;46.00
"November 21, 2019 at 09:08PM",esp8266_readings,1,557,18.60;47.00
"November 21, 2019 at 09:09PM",esp8266_readings,1,556,18.60;47.00
"November 21, 2019 at 09:10PM",esp8266_readings,1,556,18.60;47.00
"November 21, 2019 at 09:11PM",esp8266_readings,1,559,18.60;46.00
"November 21, 2019 at 09:12PM",esp8266_readings,1,556,18.60;47.00
"November 21, 2019 at 09:13PM",esp8266_readings,1,558,18.50;47.00
"November 21, 2019 at 09:14PM",esp8266_readings,1,556,18.50;47.00
"November 21, 2019 at 09:15PM",esp8266_readings,1,559,18.50;47.00
"November 21, 2019 at 09:16PM",esp8266_readings,1,557,18.50;47.00
"November 21, 2019 at 09:17PM",esp8266_readings,1,556,18.50;47.00
"November 21, 2019 at 09:18PM",esp8266_readings,1,558,18.50;47.00
"November 21, 2019 at 09:19PM",esp8266_readings,1,556,18.50;47.00
"November 21, 2019 at 09:20PM",esp8266_readings,1,558,18.50;47.00
"November 21, 2019 at 09:21PM",esp8266_readings,1,556,18.50;47.00
"November 21, 2019 at 09:22PM",esp8266_readings,1,557,18.50;47.00
"November 21, 2019 at 09:23PM",esp8266_readings,1,556,18.40;47.00
"November 21, 2019 at 09:24PM",esp8266_readings,1,556,18.50;47.00
"November 21, 2019 at 09:25PM",esp8266_readings,1,559,18.40;47.00
"November 21, 2019 at 09:26PM",esp8266_readings,1,559,18.40;47.00
"November 21, 2019 at 09:27PM",esp8266_readings,1,555,18.40;47.00
"November 21, 2019 at 09:28PM",esp8266_readings,1,558,18.40;47.00
"November 21, 2019 at 09:29PM",esp8266_readings,1,557,18.40;47.00
"November 21, 2019 at 09:30PM",esp8266_readings,1,557,18.40;47.00
"November 21, 2019 at 09:31PM",esp8266_readings,1,559,18.40;47.00
"November 21, 2019 at 09:32PM",esp8266_readings,1,556,18.40;47.00
"November 21, 2019 at 09:33PM",esp8266_readings,1,555,18.40;47.00
"November 21, 2019 at 09:34PM",esp8266_readings,1,559,18.40;47.00
"November 21, 2019 at 09:35PM",esp8266_readings,1,558,18.40;47.00
"November 21, 2019 at 09:36PM",esp8266_readings,1,556,18.40;47.00
"November 21, 2019 at 09:37PM",esp8266_readings,1,556,18.40;47.00
"November 21, 2019 at 09:38PM",esp8266_readings,1,556,18.40;47.00
"November 21, 2019 at 09:39PM",esp8266_readings,1,558,18.30;47.00
"November 21, 2019 at 09:40PM",esp8266_readings,1,559,18.30;47.00
"November 21, 2019 at 09:41PM",esp8266_readings,1,556,18.30;47.00
"November 21, 2019 at 09:42PM",esp8266_readings,1,556,18.30;47.00
"November 21, 2019 at 09:43PM",esp8266_readings,1,557,18.30;47.00
"November 21, 2019 at 09:44PM",esp8266_readings,1,555,18.30;47.00
"November 21, 2019 at 09:45PM",esp8266_readings,1,556,18.30;47.00
"November 21, 2019 at 09:46PM",esp8266_readings,1,556,18.30;47.00
"November 21, 2019 at 09:47PM",esp8266_readings,1,556,18.30;47.00
"November 21, 2019 at 09:48PM",esp8266_readings,1,559,18.30;46.00
"November 21, 2019 at 09:49PM",esp8266_readings,1,556,18.30;47.00
"November 21, 2019 at 09:50PM",esp8266_readings,1,556,18.30;47.00
"November 21, 2019 at 09:51PM",esp8266_readings,1,555,18.30;47.00
"November 21, 2019 at 09:52PM",esp8266_readings,1,559,18.30;47.00
"November 21, 2019 at 09:53PM",esp8266_readings,1,557,18.30;47.00
"November 21, 2019 at 09:54PM",esp8266_readings,1,556,18.30;47.00
"November 21, 2019 at 09:55PM",esp8266_readings,1,556,18.30;47.00
"November 21, 2019 at 09:56PM",esp8266_readings,1,557,18.30;47.00
"November 21, 2019 at 09:57PM",esp8266_readings,1,555,18.30;48.00
"November 21, 2019 at 09:58PM",esp8266_readings,1,555,18.30;47.00
"November 21, 2019 at 09:59PM",esp8266_readings,1,557,18.20;47.00
"November 21, 2019 at 10:00PM",esp8266_readings,1,555,18.20;48.00
"November 21, 2019 at 10:01PM",esp8266_readings,1,555,18.20;47.00
"November 21, 2019 at 10:02PM",esp8266_readings,1,557,18.20;47.00
"November 21, 2019 at 10:04PM",esp8266_readings,1,556,18.20;47.00
"November 21, 2019 at 10:05PM",esp8266_readings,1,556,18.20;47.00
"November 21, 2019 at 10:06PM",esp8266_readings,1,555,18.20;47.00
"November 21, 2019 at 10:07PM",esp8266_readings,1,556,18.20;47.00
"November 21, 2019 at 10:08PM",esp8266_readings,1,557,18.20;48.00
"November 21, 2019 at 10:09PM",esp8266_readings,1,555,18.20;47.00
"November 21, 2019 at 10:10PM",esp8266_readings,1,555,18.20;47.00
"November 21, 2019 at 10:11PM",esp8266_readings,1,556,18.20;48.00
"November 21, 2019 at 10:13PM",esp8266_readings,1,555,18.20;48.00
"November 21, 2019 at 10:14PM",esp8266_readings,1,559,18.20;47.00
"November 21, 2019 at 10:15PM",esp8266_readings,1,558,18.20;48.00
"November 21, 2019 at 10:16PM",esp8266_readings,1,556,18.10;47.00
"November 21, 2019 at 10:17PM",esp8266_readings,1,556,18.10;48.00
"November 21, 2019 at 10:18PM",esp8266_readings,1,555,18.10;48.00
"November 21, 2019 at 10:19PM",esp8266_readings,1,557,18.10;47.00
"November 21, 2019 at 10:20PM",esp8266_readings,1,556,18.10;48.00
"November 21, 2019 at 10:21PM",esp8266_readings,1,555,18.10;47.00
"November 21, 2019 at 10:22PM",esp8266_readings,1,557,18.10;47.00
"November 21, 2019 at 10:23PM",esp8266_readings,1,557,18.10;48.00
"November 21, 2019 at 10:24PM",esp8266_readings,1,557,18.10;47.00
"November 21, 2019 at 10:25PM",esp8266_readings,1,556,18.10;48.00
"November 21, 2019 at 10:26PM",esp8266_readings,1,556,18.10;48.00
"November 21, 2019 at 10:27PM",esp8266_readings,1,555,18.10;47.00
"November 21, 2019 at 10:28PM",esp8266_readings,1,557,18.10;48.00
"November 21, 2019 at 10:29PM",esp8266_readings,1,555,18.10;48.00
"November 21, 2019 at 10:30PM",esp8266_readings,1,556,18.10;48.00
"November 21, 2019 at 10:31PM",esp8266_readings,1,555,18.10;48.00
"November 21, 2019 at 10:32PM",esp8266_readings,1,556,18.10;48.00
"November 21, 2019 at 10:33PM",esp8266_readings,1,555,18.10;48.00
"November 21, 2019 at 10:34PM",esp8266_readings,1,556,18.10;48.00
"November 21, 2019 at 10:35PM",esp8266_readings,1,557,18.10;48.00
"November 21, 2019 at 10:36PM",esp8266_readings,1,555,18.10;48.00
"November 21, 2019 at 10:37PM",esp8266_readings,1,555,18.10;48.00
"November 21, 2019 at 10:38PM",esp8266_readings,1,556,18.10;49.00
"November 21, 2019 at 10:39PM",esp8266_readings,1,555,18.10;48.00
"November 21, 2019 at 10:40PM",esp8266_readings,1,555,18.10;48.00
"November 21, 2019 at 10:41PM",esp8266_readings,1,556,18.00;48.00
"November 21, 2019 at 10:42PM",esp8266_readings,1,557,18.00;48.00
"November 21, 2019 at 10:43PM",esp8266_readings,1,555,18.00;48.00
"November 21, 2019 at 10:44PM",esp8266_readings,1,556,18.00;48.00
"November 21, 2019 at 10:45PM",esp8266_readings,1,556,18.00;49.00
"November 21, 2019 at 10:46PM",esp8266_readings,1,555,18.00;48.00
"November 21, 2019 at 10:47PM",esp8266_readings,1,555,18.00;49.00
"November 21, 2019 at 10:48PM",esp8266_readings,1,555,18.00;48.00
"November 21, 2019 at 10:49PM",esp8266_readings,1,554,18.00;48.00
"November 21, 2019 at 10:50PM",esp8266_readings,1,555,18.00;48.00
"November 21, 2019 at 10:51PM",esp8266_readings,1,556,18.00;48.00
"November 21, 2019 at 10:52PM",esp8266_readings,1,556,18.00;48.00
"November 21, 2019 at 10:53PM",esp8266_readings,1,554,18.00;48.00
"November 21, 2019 at 10:54PM",esp8266_readings,1,555,18.00;48.00
"November 21, 2019 at 10:55PM",esp8266_readings,1,554,18.10;48.00
"November 21, 2019 at 10:56PM",esp8266_readings,1,556,18.10;48.00
"November 21, 2019 at 10:57PM",esp8266_readings,1,555,18.10;48.00
"November 21, 2019 at 10:58PM",esp8266_readings,1,554,18.10;48.00
"November 21, 2019 at 10:59PM",esp8266_readings,1,556,18.00;49.00
"November 21, 2019 at 11:00PM",esp8266_readings,1,556,18.00;48.00
"November 21, 2019 at 11:01PM",esp8266_readings,1,556,18.00;48.00
"November 21, 2019 at 11:02PM",esp8266_readings,1,554,18.00;48.00
"November 21, 2019 at 11:03PM",esp8266_readings,1,555,18.00;48.00
"November 21, 2019 at 11:04PM",esp8266_readings,1,556,18.00;48.00
"November 21, 2019 at 11:05PM",esp8266_readings,1,557,18.00;49.00
"November 21, 2019 at 11:06PM",esp8266_readings,1,555,18.00;49.00
"November 21, 2019 at 11:07PM",esp8266_readings,1,556,18.00;48.00
"November 21, 2019 at 11:08PM",esp8266_readings,1,554,18.00;48.00
"November 21, 2019 at 11:09PM",esp8266_readings,1,554,18.00;49.00
"November 21, 2019 at 11:10PM",esp8266_readings,1,555,18.00;48.00
"November 21, 2019 at 11:11PM",esp8266_readings,1,555,18.00;49.00
"November 21, 2019 at 11:12PM",esp8266_readings,1,556,18.00;49.00
"November 21, 2019 at 11:13PM",esp8266_readings,1,555,18.00;48.00
"November 21, 2019 at 11:14PM",esp8266_readings,1,556,18.00;48.00
"November 21, 2019 at 11:15PM",esp8266_readings,1,555,18.00;48.00
"November 21, 2019 at 11:16PM",esp8266_readings,1,554,17.90;48.00
"November 21, 2019 at 11:17PM",esp8266_readings,1,554,18.00;49.00
"November 21, 2019 at 11:18PM",esp8266_readings,1,554,18.00;49.00
"November 21, 2019 at 11:19PM",esp8266_readings,1,556,18.00;48.00
"November 21, 2019 at 11:20PM",esp8266_readings,1,556,18.00;48.00
"November 21, 2019 at 11:21PM",esp8266_readings,1,554,18.00;48.00
"November 21, 2019 at 11:22PM",esp8266_readings,1,555,18.00;48.00
"November 21, 2019 at 11:23PM",esp8266_readings,1,556,18.00;48.00
"November 21, 2019 at 11:24PM",esp8266_readings,1,555,18.00;49.00
"November 21, 2019 at 11:25PM",esp8266_readings,1,555,18.00;48.00
"November 21, 2019 at 11:26PM",esp8266_readings,1,555,18.00;49.00
"November 21, 2019 at 11:27PM",esp8266_readings,1,554,18.00;48.00
"November 21, 2019 at 11:28PM",esp8266_readings,1,556,18.00;48.00
"November 21, 2019 at 11:29PM",esp8266_readings,1,553,17.90;47.00
"November 21, 2019 at 11:30PM",esp8266_readings,1,554,17.90;48.00
"November 21, 2019 at 11:31PM",esp8266_readings,1,555,17.90;48.00
"November 21, 2019 at 11:32PM",esp8266_readings,1,556,17.90;47.00
"November 21, 2019 at 11:33PM",esp8266_readings,1,555,17.90;47.00
"November 21, 2019 at 11:34PM",esp8266_readings,1,555,17.90;48.00
"November 21, 2019 at 11:35PM",esp8266_readings,1,554,17.90;48.00
"November 21, 2019 at 11:36PM",esp8266_readings,1,557,17.90;48.00
"November 21, 2019 at 11:37PM",esp8266_readings,1,558,17.90;47.00
"November 21, 2019 at 11:38PM",esp8266_readings,1,556,17.90;48.00
"November 21, 2019 at 11:39PM",esp8266_readings,1,556,17.90;47.00
"November 21, 2019 at 11:40PM",esp8266_readings,1,557,17.90;48.00
"November 21, 2019 at 11:41PM",esp8266_readings,1,557,17.90;48.00
"November 21, 2019 at 11:42PM",esp8266_readings,1,556,17.90;48.00
"November 21, 2019 at 11:43PM",esp8266_readings,1,558,17.90;48.00
"November 21, 2019 at 11:44PM",esp8266_readings,1,557,17.90;47.00
"November 21, 2019 at 11:45PM",esp8266_readings,1,557,17.90;48.00
"November 21, 2019 at 11:46PM",esp8266_readings,1,557,17.90;47.00
"November 21, 2019 at 11:47PM",esp8266_readings,1,555,17.90;47.00
"November 21, 2019 at 11:48PM",esp8266_readings,1,557,17.90;48.00
"November 21, 2019 at 11:49PM",esp8266_readings,1,556,17.90;47.00
"November 21, 2019 at 11:50PM",esp8266_readings,1,555,17.90;47.00
"November 21, 2019 at 11:51PM",esp8266_readings,1,558,17.90;48.00
"November 21, 2019 at 11:52PM",esp8266_readings,1,556,17.90;47.00
"November 21, 2019 at 11:53PM",esp8266_readings,1,556,17.90;47.00
"November 21, 2019 at 11:54PM",esp8266_readings,1,556,17.90;48.00
"November 21, 2019 at 11:55PM",esp8266_readings,1,557,17.90;47.00
"November 21, 2019 at 11:56PM",esp8266_readings,1,555,17.90;47.00
"November 21, 2019 at 11:57PM",esp8266_readings,1,556,17.90;48.00
"November 21, 2019 at 11:58PM",esp8266_readings,1,555,17.80;47.00
"November 21, 2019 at 11:59PM",esp8266_readings,1,555,17.80;47.00
"November 22, 2019 at 12:00AM",esp8266_readings,1,557,17.80;48.00
"November 22, 2019 at 12:01AM",esp8266_readings,1,555,17.80;48.00
"November 22, 2019 at 12:02AM",esp8266_readings,1,555,17.80;48.00
"November 22, 2019 at 12:03AM",esp8266_readings,1,558,17.90;48.00
"November 22, 2019 at 12:04AM",esp8266_readings,1,555,17.80;47.00
"November 22, 2019 at 12:05AM",esp8266_readings,1,555,17.80;47.00
"November 22, 2019 at 12:06AM",esp8266_readings,1,557,17.80;47.00
"November 22, 2019 at 12:07AM",esp8266_readings,1,556,17.80;48.00
"November 22, 2019 at 12:08AM",esp8266_readings,1,555,17.80;47.00
"November 22, 2019 at 12:09AM",esp8266_readings,1,555,17.80;48.00
"November 22, 2019 at 12:10AM",esp8266_readings,1,555,17.80;47.00
"November 22, 2019 at 12:11AM",esp8266_readings,1,555,17.80;48.00
"November 22, 2019 at 12:12AM",esp8266_readings,1,557,17.80;48.00
"November 22, 2019 at 12:13AM",esp8266_readings,1,556,17.80;48.00
"November 22, 2019 at 12:14AM",esp8266_readings,1,555,17.80;48.00
"November 22, 2019 at 12:15AM",esp8266_readings,1,555,17.80;48.00
"November 22, 2019 at 12:16AM",esp8266_readings,1,556,17.80;47.00
"November 22, 2019 at 12:17AM",esp8266_readings,1,556,17.80;48.00
"November 22, 2019 at 12:18AM",esp8266_readings,1,555,17.80;48.00
"November 22, 2019 at 12:19AM",esp8266_readings,1,556,17.80;48.00
"November 22, 2019 at 12:20AM",esp8266_readings,1,554,17.80;48.00
"November 22, 2019 at 12:21AM",esp8266_readings,1,554,17.80;48.00
"November 22, 2019 at 12:22AM",esp8266_readings,1,555,17.80;48.00
"November 22, 2019 at 12:23AM",esp8266_readings,1,555,17.80;48.00
"November 22, 2019 at 12:24AM",esp8266_readings,1,554,17.70;48.00
"November 22, 2019 at 12:25AM",esp8266_readings,1,553,17.70;48.00
"November 22, 2019 at 12:26AM",esp8266_readings,1,560,17.70;48.00
"November 22, 2019 at 12:27AM",esp8266_readings,1,564,17.70;48.00
"November 22, 2019 at 12:28AM",esp8266_readings,1,561,17.70;48.00
"November 22, 2019 at 12:29AM",esp8266_readings,1,559,17.70;48.00
"November 22, 2019 at 12:30AM",esp8266_readings,1,560,17.80;48.00
"November 22, 2019 at 12:31AM",esp8266_readings,1,560,17.80;48.00
"November 22, 2019 at 12:32AM",esp8266_readings,1,561,17.80;47.00
"November 22, 2019 at 12:33AM",esp8266_readings,1,559,17.80;48.00
"November 22, 2019 at 12:34AM",esp8266_readings,1,572,17.80;48.00
"November 22, 2019 at 12:35AM",esp8266_readings,1,561,17.80;48.00
"November 22, 2019 at 12:36AM",esp8266_readings,1,567,17.80;48.00
"November 22, 2019 at 12:37AM",esp8266_readings,1,572,17.80;48.00
"November 22, 2019 at 12:38AM",esp8266_readings,1,567,17.80;48.00
"November 22, 2019 at 12:39AM",esp8266_readings,1,572,17.90;48.00
"November 22, 2019 at 12:40AM",esp8266_readings,1,567,17.90;48.00
"November 22, 2019 at 12:41AM",esp8266_readings,1,562,17.90;48.00
"November 22, 2019 at 12:42AM",esp8266_readings,1,561,17.90;48.00
"November 22, 2019 at 12:43AM",esp8266_readings,1,561,17.90;47.00
"November 22, 2019 at 12:44AM",esp8266_readings,1,561,17.90;48.00
"November 22, 2019 at 12:45AM",esp8266_readings,1,570,17.80;48.00
"November 22, 2019 at 12:46AM",esp8266_readings,1,560,17.80;48.00
"November 22, 2019 at 12:47AM",esp8266_readings,1,561,17.90;49.00
"November 22, 2019 at 12:48AM",esp8266_readings,1,560,17.90;48.00
"November 22, 2019 at 12:49AM",esp8266_readings,1,562,17.90;48.00
"November 22, 2019 at 12:50AM",esp8266_readings,1,573,17.90;48.00
"November 22, 2019 at 12:51AM",esp8266_readings,1,562,17.90;49.00
"November 22, 2019 at 12:52AM",esp8266_readings,1,561,17.90;49.00
"November 22, 2019 at 12:53AM",esp8266_readings,1,562,17.90;48.00
"November 22, 2019 at 12:54AM",esp8266_readings,1,561,17.90;48.00
"November 22, 2019 at 12:55AM",esp8266_readings,1,560,17.90;48.00
"November 22, 2019 at 12:56AM",esp8266_readings,1,560,17.90;48.00
"November 22, 2019 at 12:57AM",esp8266_readings,1,562,17.90;49.00
"November 22, 2019 at 12:58AM",esp8266_readings,1,570,17.90;48.00
"November 22, 2019 at 12:59AM",esp8266_readings,1,561,17.90;49.00
"November 22, 2019 at 01:00AM",esp8266_readings,1,562,17.90;48.00
"November 22, 2019 at 01:01AM",esp8266_readings,1,562,17.90;50.00
"November 22, 2019 at 01:02AM",esp8266_readings,1,567,17.90;49.00
"November 22, 2019 at 01:03AM",esp8266_readings,1,562,17.90;49.00
"November 22, 2019 at 01:04AM",esp8266_readings,1,567,17.90;49.00
"November 22, 2019 at 01:05AM",esp8266_readings,1,562,17.90;49.00
"November 22, 2019 at 01:06AM",esp8266_readings,1,567,17.90;49.00
"November 22, 2019 at 01:07AM",esp8266_readings,1,562,17.90;49.00
"November 22, 2019 at 01:08AM",esp8266_readings,1,560,17.90;48.00
"November 22, 2019 at 01:09AM",esp8266_readings,1,570,17.90;48.00
"November 22, 2019 at 01:10AM",esp8266_readings,1,562,17.90;48.00
"November 22, 2019 at 01:11AM",esp8266_readings,1,568,17.90;49.00
"November 22, 2019 at 01:12AM",esp8266_readings,1,564,17.90;49.00
"November 22, 2019 at 01:13AM",esp8266_readings,1,562,17.90;49.00
"November 22, 2019 at 01:14AM",esp8266_readings,1,561,17.90;49.00
"November 22, 2019 at 01:15AM",esp8266_readings,1,567,17.90;50.00
"November 22, 2019 at 01:16AM",esp8266_readings,1,560,17.90;49.00
"November 22, 2019 at 01:17AM",esp8266_readings,1,561,17.90;49.00
"November 22, 2019 at 01:18AM",esp8266_readings,1,561,17.90;48.00
"November 22, 2019 at 01:19AM",esp8266_readings,1,561,17.90;49.00
"November 22, 2019 at 01:20AM",esp8266_readings,1,561,17.90;49.00
"November 22, 2019 at 01:21AM",esp8266_readings,1,561,17.90;48.00
"November 22, 2019 at 01:22AM",esp8266_readings,1,560,17.90;48.00
"November 22, 2019 at 01:23AM",esp8266_readings,1,560,17.90;48.00
"November 22, 2019 at 01:24AM",esp8266_readings,1,561,17.90;49.00
"November 22, 2019 at 01:25AM",esp8266_readings,1,560,17.90;48.00
"November 22, 2019 at 01:26AM",esp8266_readings,1,561,17.80;48.00
"November 22, 2019 at 01:27AM",esp8266_readings,1,562,17.80;49.00
"November 22, 2019 at 01:28AM",esp8266_readings,1,560,17.80;48.00
"November 22, 2019 at 01:29AM",esp8266_readings,1,562,17.80;48.00
"November 22, 2019 at 01:30AM",esp8266_readings,1,562,17.80;49.00
"November 22, 2019 at 01:31AM",esp8266_readings,1,562,17.80;48.00
"November 22, 2019 at 01:32AM",esp8266_readings,1,562,17.80;48.00
"November 22, 2019 at 01:33AM",esp8266_readings,1,562,17.80;49.00
"November 22, 2019 at 01:34AM",esp8266_readings,1,560,17.70;48.00
"November 22, 2019 at 01:35AM",esp8266_readings,1,562,17.70;48.00
"November 22, 2019 at 01:36AM",esp8266_readings,1,562,17.80;49.00
"November 22, 2019 at 01:37AM",esp8266_readings,1,559,17.80;48.00
"November 22, 2019 at 01:38AM",esp8266_readings,1,560,17.80;49.00
"November 22, 2019 at 01:39AM",esp8266_readings,1,560,17.80;48.00
"November 22, 2019 at 01:40AM",esp8266_readings,1,559,17.70;48.00
"November 22, 2019 at 01:41AM",esp8266_readings,1,561,17.70;48.00
"November 22, 2019 at 01:42AM",esp8266_readings,1,567,17.70;49.00
"November 22, 2019 at 01:43AM",esp8266_readings,1,559,17.70;48.00
"November 22, 2019 at 01:44AM",esp8266_readings,1,561,17.70;48.00
"November 22, 2019 at 01:45AM",esp8266_readings,1,559,17.70;49.00
"November 22, 2019 at 01:46AM",esp8266_readings,1,559,17.70;48.00
"November 22, 2019 at 01:47AM",esp8266_readings,1,560,17.70;49.00
"November 22, 2019 at 01:48AM",esp8266_readings,1,561,17.70;49.00
"November 22, 2019 at 01:49AM",esp8266_readings,1,560,17.70;49.00
"November 22, 2019 at 01:50AM",esp8266_readings,1,561,17.70;49.00
"November 22, 2019 at 01:51AM",esp8266_readings,1,560,17.70;48.00
"November 22, 2019 at 01:52AM",esp8266_readings,1,562,17.70;48.00
"November 22, 2019 at 01:53AM",esp8266_readings,1,561,17.70;49.00
"November 22, 2019 at 01:54AM",esp8266_readings,1,562,17.70;49.00
"November 22, 2019 at 01:55AM",esp8266_readings,1,562,17.70;48.00
"November 22, 2019 at 01:56AM",esp8266_readings,1,561,17.60;48.00
"November 22, 2019 at 01:57AM",esp8266_readings,1,559,17.60;48.00
"November 22, 2019 at 01:58AM",esp8266_readings,1,559,17.70;49.00
"November 22, 2019 at 01:59AM",esp8266_readings,1,560,17.70;49.00
"November 22, 2019 at 02:00AM",esp8266_readings,1,561,17.70;48.00
"November 22, 2019 at 02:01AM",esp8266_readings,1,561,17.60;48.00
"November 22, 2019 at 02:02AM",esp8266_readings,1,559,17.60;48.00
"November 22, 2019 at 02:03AM",esp8266_readings,1,560,17.60;49.00
"November 22, 2019 at 02:04AM",esp8266_readings,1,559,17.60;48.00
"November 22, 2019 at 02:05AM",esp8266_readings,1,559,17.60;49.00
"November 22, 2019 at 02:06AM",esp8266_readings,1,560,17.60;48.00
"November 22, 2019 at 02:07AM",esp8266_readings,1,561,17.60;48.00
"November 22, 2019 at 02:08AM",esp8266_readings,1,559,17.60;48.00
"November 22, 2019 at 02:10AM",esp8266_readings,1,559,17.60;48.00
"November 22, 2019 at 02:11AM",esp8266_readings,1,560,17.60;49.00
"November 22, 2019 at 02:12AM",esp8266_readings,1,560,17.60;48.00
"November 22, 2019 at 02:13AM",esp8266_readings,1,559,17.50;49.00
"November 22, 2019 at 02:14AM",esp8266_readings,1,559,17.50;48.00
"November 22, 2019 at 02:15AM",esp8266_readings,1,561,17.50;49.00
"November 22, 2019 at 02:16AM",esp8266_readings,1,561,17.50;48.00
"November 22, 2019 at 02:17AM",esp8266_readings,1,559,17.50;48.00
"November 22, 2019 at 02:18AM",esp8266_readings,1,561,17.50;49.00
"November 22, 2019 at 02:19AM",esp8266_readings,1,559,17.50;49.00
"November 22, 2019 at 02:20AM",esp8266_readings,1,559,17.50;48.00
"November 22, 2019 at 02:21AM",esp8266_readings,1,561,17.50;49.00
"November 22, 2019 at 02:22AM",esp8266_readings,1,559,17.50;49.00
"November 22, 2019 at 02:23AM",esp8266_readings,1,558,17.60;49.00
"November 22, 2019 at 02:24AM",esp8266_readings,1,561,17.50;49.00
"November 22, 2019 at 02:25AM",esp8266_readings,1,561,17.50;48.00
"November 22, 2019 at 02:26AM",esp8266_readings,1,560,17.50;48.00
"November 22, 2019 at 02:27AM",esp8266_readings,1,561,17.50;48.00
"November 22, 2019 at 02:28AM",esp8266_readings,1,559,17.50;48.00
"November 22, 2019 at 02:29AM",esp8266_readings,1,561,17.50;49.00
"November 22, 2019 at 02:30AM",esp8266_readings,1,559,17.40;49.00
"November 22, 2019 at 02:31AM",esp8266_readings,1,561,17.50;48.00
"November 22, 2019 at 02:32AM",esp8266_readings,1,560,17.50;49.00
"November 22, 2019 at 02:33AM",esp8266_readings,1,559,17.50;49.00
"November 22, 2019 at 02:34AM",esp8266_readings,1,561,17.40;49.00
"November 22, 2019 at 02:35AM",esp8266_readings,1,561,17.50;48.00
"November 22, 2019 at 02:36AM",esp8266_readings,1,560,17.40;49.00
"November 22, 2019 at 02:37AM",esp8266_readings,1,560,17.40;49.00
"November 22, 2019 at 02:38AM",esp8266_readings,1,562,17.40;49.00
"November 22, 2019 at 02:39AM",esp8266_readings,1,562,17.50;48.00
"November 22, 2019 at 02:40AM",esp8266_readings,1,560,17.50;49.00
"November 22, 2019 at 02:41AM",esp8266_readings,1,560,17.40;49.00
"November 22, 2019 at 02:42AM",esp8266_readings,1,561,17.50;49.00
"November 22, 2019 at 02:43AM",esp8266_readings,1,559,17.50;49.00
"November 22, 2019 at 02:44AM",esp8266_readings,1,562,17.50;49.00
"November 22, 2019 at 02:45AM",esp8266_readings,1,564,17.50;49.00
"November 22, 2019 at 02:46AM",esp8266_readings,1,562,17.50;49.00
"November 22, 2019 at 02:47AM",esp8266_readings,1,561,17.60;49.00
"November 22, 2019 at 02:48AM",esp8266_readings,1,564,17.50;48.00
"November 22, 2019 at 02:49AM",esp8266_readings,1,562,17.50;49.00
"November 22, 2019 at 02:50AM",esp8266_readings,1,561,17.50;49.00
"November 22, 2019 at 02:51AM",esp8266_readings,1,564,17.50;48.00
"November 22, 2019 at 02:52AM",esp8266_readings,1,561,17.50;49.00
"November 22, 2019 at 02:53AM",esp8266_readings,1,561,17.50;49.00
"November 22, 2019 at 02:54AM",esp8266_readings,1,564,17.40;49.00
"November 22, 2019 at 02:55AM",esp8266_readings,1,562,17.50;49.00
"November 22, 2019 at 02:56AM",esp8266_readings,1,562,17.50;49.00
"November 22, 2019 at 02:57AM",esp8266_readings,1,564,17.50;49.00
"November 22, 2019 at 02:58AM",esp8266_readings,1,562,17.50;48.00
"November 22, 2019 at 02:59AM",esp8266_readings,1,562,17.50;49.00
"November 22, 2019 at 03:00AM",esp8266_readings,1,560,17.40;49.00
"November 22, 2019 at 03:01AM",esp8266_readings,1,564,17.50;49.00
"November 22, 2019 at 03:02AM",esp8266_readings,1,561,17.50;50.00
"November 22, 2019 at 03:03AM",esp8266_readings,1,561,17.50;49.00
"November 22, 2019 at 03:04AM",esp8266_readings,1,564,17.50;49.00
"November 22, 2019 at 03:05AM",esp8266_readings,1,562,17.50;49.00
"November 22, 2019 at 03:06AM",esp8266_readings,1,562,17.40;49.00
"November 22, 2019 at 03:07AM",esp8266_readings,1,562,17.40;48.00
"November 22, 2019 at 03:08AM",esp8266_readings,1,562,17.50;50.00
"November 22, 2019 at 03:09AM",esp8266_readings,1,564,17.40;49.00
"November 22, 2019 at 03:10AM",esp8266_readings,1,562,17.40;49.00
"November 22, 2019 at 03:11AM",esp8266_readings,1,562,17.40;49.00
"November 22, 2019 at 03:12AM",esp8266_readings,1,561,17.50;49.00
"November 22, 2019 at 03:13AM",esp8266_readings,1,562,17.50;49.00
"November 22, 2019 at 03:14AM",esp8266_readings,1,562,17.50;49.00
"November 22, 2019 at 03:15AM",esp8266_readings,1,561,17.50;49.00
"November 22, 2019 at 03:16AM",esp8266_readings,1,562,17.40;49.00
"November 22, 2019 at 03:17AM",esp8266_readings,1,561,17.40;49.00
"November 22, 2019 at 03:18AM",esp8266_readings,1,561,17.40;49.00
"November 22, 2019 at 03:19AM",esp8266_readings,1,564,17.50;49.00
"November 22, 2019 at 03:20AM",esp8266_readings,1,561,17.50;49.00
"November 22, 2019 at 03:21AM",esp8266_readings,1,562,17.40;49.00
"November 22, 2019 at 03:22AM",esp8266_readings,1,568,17.40;48.00
"November 22, 2019 at 03:23AM",esp8266_readings,1,848,17.50;51.00
"November 22, 2019 at 03:24AM",esp8266_readings,1,848,17.60;49.00
"November 22, 2019 at 03:25AM",esp8266_readings,1,850,17.60;50.00
"November 22, 2019 at 03:26AM",esp8266_readings,1,852,17.60;50.00
"November 22, 2019 at 03:27AM",esp8266_readings,1,853,17.60;50.00
"November 22, 2019 at 03:28AM",esp8266_readings,1,853,17.60;50.00
"November 22, 2019 at 03:29AM",esp8266_readings,1,854,17.60;49.00
"November 22, 2019 at 03:30AM",esp8266_readings,1,855,17.50;49.00
"November 22, 2019 at 03:31AM",esp8266_readings,1,855,17.50;50.00
"November 22, 2019 at 03:32AM",esp8266_readings,1,855,17.50;49.00
"November 22, 2019 at 03:33AM",esp8266_readings,1,856,17.50;50.00
"November 22, 2019 at 03:34AM",esp8266_readings,1,857,17.50;49.00
"November 22, 2019 at 03:35AM",esp8266_readings,1,857,17.50;49.00
"November 22, 2019 at 03:36AM",esp8266_readings,1,857,17.50;50.00
"November 22, 2019 at 03:37AM",esp8266_readings,1,858,17.60;50.00
"November 22, 2019 at 03:38AM",esp8266_readings,1,859,17.50;50.00
"November 22, 2019 at 03:39AM",esp8266_readings,1,859,17.50;49.00
"November 22, 2019 at 03:40AM",esp8266_readings,1,845,17.50;48.00
"November 22, 2019 at 03:41AM",esp8266_readings,1,845,17.50;49.00
"November 22, 2019 at 03:42AM",esp8266_readings,1,846,17.50;50.00
"November 22, 2019 at 03:43AM",esp8266_readings,1,846,17.60;49.00
"November 22, 2019 at 03:44AM",esp8266_readings,1,846,17.50;49.00
"November 22, 2019 at 03:45AM",esp8266_readings,1,845,17.50;49.00
"November 22, 2019 at 03:46AM",esp8266_readings,1,846,17.50;49.00
"November 22, 2019 at 03:47AM",esp8266_readings,1,846,17.50;49.00
"November 22, 2019 at 03:48AM",esp8266_readings,1,846,17.50;49.00
"November 22, 2019 at 03:49AM",esp8266_readings,1,846,17.50;49.00
"November 22, 2019 at 03:50AM",esp8266_readings,1,846,17.50;49.00
"November 22, 2019 at 03:51AM",esp8266_readings,1,847,17.50;49.00
"November 22, 2019 at 03:52AM",esp8266_readings,1,847,17.50;49.00
"November 22, 2019 at 03:53AM",esp8266_readings,1,847,17.40;49.00
"November 22, 2019 at 03:54AM",esp8266_readings,1,847,17.50;49.00
"November 22, 2019 at 03:55AM",esp8266_readings,1,847,17.50;49.00
"November 22, 2019 at 03:56AM",esp8266_readings,1,847,17.50;49.00
"November 22, 2019 at 03:57AM",esp8266_readings,1,847,17.50;50.00
"November 22, 2019 at 03:58AM",esp8266_readings,1,847,17.50;50.00
"November 22, 2019 at 03:59AM",esp8266_readings,1,848,17.50;49.00
"November 22, 2019 at 04:00AM",esp8266_readings,1,847,17.40;49.00
"November 22, 2019 at 04:01AM",esp8266_readings,1,847,17.40;49.00
"November 22, 2019 at 04:02AM",esp8266_readings,1,848,17.40;49.00
"November 22, 2019 at 04:03AM",esp8266_readings,1,848,17.40;50.00
"November 22, 2019 at 04:04AM",esp8266_readings,1,847,17.40;49.00
"November 22, 2019 at 04:05AM",esp8266_readings,1,847,17.40;49.00
"November 22, 2019 at 04:06AM",esp8266_readings,1,847,17.50;49.00
"November 22, 2019 at 04:07AM",esp8266_readings,1,847,17.40;50.00
"November 22, 2019 at 04:08AM",esp8266_readings,1,847,17.50;50.00
"November 22, 2019 at 04:09AM",esp8266_readings,1,847,17.50;50.00
"November 22, 2019 at 04:10AM",esp8266_readings,1,848,17.50;49.00
"November 22, 2019 at 04:11AM",esp8266_readings,1,847,17.40;50.00
"November 22, 2019 at 04:12AM",esp8266_readings,1,847,17.40;50.00
"November 22, 2019 at 04:13AM",esp8266_readings,1,847,17.40;49.00
"November 22, 2019 at 04:14AM",esp8266_readings,1,847,17.40;49.00
"November 22, 2019 at 04:15AM",esp8266_readings,1,847,17.40;49.00
"November 22, 2019 at 04:16AM",esp8266_readings,1,846,17.40;50.00
"November 22, 2019 at 04:17AM",esp8266_readings,1,847,17.40;49.00
"November 22, 2019 at 04:18AM",esp8266_readings,1,846,17.40;50.00
"November 22, 2019 at 04:19AM",esp8266_readings,1,848,17.40;49.00
"November 22, 2019 at 04:20AM",esp8266_readings,1,847,17.40;49.00
"November 22, 2019 at 04:21AM",esp8266_readings,1,847,17.50;49.00
"November 22, 2019 at 04:22AM",esp8266_readings,1,847,17.50;49.00
"November 22, 2019 at 04:23AM",esp8266_readings,1,847,17.40;49.00
"November 22, 2019 at 04:24AM",esp8266_readings,1,847,17.40;50.00
"November 22, 2019 at 04:25AM",esp8266_readings,1,847,17.40;49.00
"November 22, 2019 at 04:26AM",esp8266_readings,1,847,17.40;49.00
"November 22, 2019 at 04:27AM",esp8266_readings,1,848,17.40;50.00
"November 22, 2019 at 04:28AM",esp8266_readings,1,847,17.40;50.00
"November 22, 2019 at 04:29AM",esp8266_readings,1,847,17.50;49.00
"November 22, 2019 at 04:30AM",esp8266_readings,1,847,17.50;50.00
"November 22, 2019 at 04:31AM",esp8266_readings,1,848,17.40;49.00
"November 22, 2019 at 04:32AM",esp8266_readings,1,847,17.50;50.00
"November 22, 2019 at 04:33AM",esp8266_readings,1,847,17.50;49.00
"November 22, 2019 at 04:34AM",esp8266_readings,1,847,17.50;50.00
"November 22, 2019 at 04:35AM",esp8266_readings,1,847,17.40;49.00
"November 22, 2019 at 04:36AM",esp8266_readings,1,847,17.40;50.00
"November 22, 2019 at 04:37AM",esp8266_readings,1,847,17.40;49.00
"November 22, 2019 at 04:38AM",esp8266_readings,1,847,17.40;49.00
"November 22, 2019 at 04:39AM",esp8266_readings,1,847,17.40;49.00
"November 22, 2019 at 04:40AM",esp8266_readings,1,847,17.40;49.00
"November 22, 2019 at 04:41AM",esp8266_readings,1,848,17.40;49.00
"November 22, 2019 at 04:42AM",esp8266_readings,1,847,17.40;49.00
"November 22, 2019 at 04:43AM",esp8266_readings,1,847,17.40;50.00
"November 22, 2019 at 04:44AM",esp8266_readings,1,847,17.40;49.00
"November 22, 2019 at 04:45AM",esp8266_readings,1,847,17.40;49.00
"November 22, 2019 at 04:46AM",esp8266_readings,1,847,17.40;49.00
"November 22, 2019 at 04:47AM",esp8266_readings,1,847,17.40;49.00
"November 22, 2019 at 04:48AM",esp8266_readings,1,847,17.40;49.00
"November 22, 2019 at 04:49AM",esp8266_readings,1,847,17.40;50.00
"November 22, 2019 at 04:50AM",esp8266_readings,1,847,17.40;50.00
"November 22, 2019 at 04:51AM",esp8266_readings,1,847,17.40;49.00
"November 22, 2019 at 04:52AM",esp8266_readings,1,847,17.40;49.00
"November 22, 2019 at 04:53AM",esp8266_readings,1,847,17.40;49.00
"November 22, 2019 at 04:54AM",esp8266_readings,1,847,17.40;49.00
"November 22, 2019 at 04:55AM",esp8266_readings,1,847,17.40;49.00
"November 22, 2019 at 04:56AM",esp8266_readings,1,847,17.40;49.00
"November 22, 2019 at 04:57AM",esp8266_readings,1,848,17.40;50.00
"November 22, 2019 at 04:58AM",esp8266_readings,1,847,17.40;50.00
"November 22, 2019 at 04:59AM",esp8266_readings,1,847,17.40;49.00
"November 22, 2019 at 05:00AM",esp8266_readings,1,847,17.30;50.00
"November 22, 2019 at 05:01AM",esp8266_readings,1,848,17.40;50.00
"November 22, 2019 at 05:02AM",esp8266_readings,1,847,17.30;49.00
"November 22, 2019 at 05:03AM",esp8266_readings,1,847,17.40;49.00
"November 22, 2019 at 05:04AM",esp8266_readings,1,847,17.40;49.00
"November 22, 2019 at 05:05AM",esp8266_readings,1,848,17.30;49.00
"November 22, 2019 at 05:06AM",esp8266_readings,1,847,17.30;49.00
"November 22, 2019 at 05:07AM",esp8266_readings,1,847,17.30;50.00
"November 22, 2019 at 05:08AM",esp8266_readings,1,847,17.30;50.00
"November 22, 2019 at 05:09AM",esp8266_readings,1,847,17.40;49.00
"November 22, 2019 at 05:10AM",esp8266_readings,1,848,17.40;50.00
"November 22, 2019 at 05:11AM",esp8266_readings,1,847,17.40;50.00
"November 22, 2019 at 05:12AM",esp8266_readings,1,847,17.40;50.00
"November 22, 2019 at 05:13AM",esp8266_readings,1,847,17.40;49.00
"November 22, 2019 at 05:14AM",esp8266_readings,1,847,17.30;50.00
"November 22, 2019 at 05:15AM",esp8266_readings,1,847,17.30;49.00
"November 22, 2019 at 05:16AM",esp8266_readings,1,847,17.30;50.00
"November 22, 2019 at 05:17AM",esp8266_readings,1,847,17.40;50.00
"November 22, 2019 at 05:18AM",esp8266_readings,1,849,17.40;49.00
"November 22, 2019 at 05:19AM",esp8266_readings,1,847,17.40;49.00
"November 22, 2019 at 05:20AM",esp8266_readings,1,847,17.40;50.00
"November 22, 2019 at 05:21AM",esp8266_readings,1,847,17.40;50.00
"November 22, 2019 at 05:22AM",esp8266_readings,1,848,17.40;49.00
"November 22, 2019 at 05:23AM",esp8266_readings,1,847,17.40;49.00
"November 22, 2019 at 05:24AM",esp8266_readings,1,847,17.30;49.00
"November 22, 2019 at 05:25AM",esp8266_readings,1,847,17.30;50.00
"November 22, 2019 at 05:26AM",esp8266_readings,1,847,17.30;49.00
"November 22, 2019 at 05:27AM",esp8266_readings,1,847,17.30;49.00
"November 22, 2019 at 05:28AM",esp8266_readings,1,847,17.30;50.00
"November 22, 2019 at 05:29AM",esp8266_readings,1,847,17.30;50.00
"November 22, 2019 at 05:30AM",esp8266_readings,1,847,17.40;50.00
"November 22, 2019 at 05:31AM",esp8266_readings,1,847,17.30;50.00
"November 22, 2019 at 05:32AM",esp8266_readings,1,846,17.40;49.00
"November 22, 2019 at 05:33AM",esp8266_readings,1,848,17.30;49.00
"November 22, 2019 at 05:34AM",esp8266_readings,1,847,17.30;50.00
"November 22, 2019 at 05:35AM",esp8266_readings,1,847,17.30;49.00
"November 22, 2019 at 05:36AM",esp8266_readings,1,846,17.30;49.00
"November 22, 2019 at 05:37AM",esp8266_readings,1,847,17.30;49.00
"November 22, 2019 at 05:38AM",esp8266_readings,1,847,17.30;49.00
"November 22, 2019 at 05:39AM",esp8266_readings,1,847,17.30;49.00
"November 22, 2019 at 05:40AM",esp8266_readings,1,846,17.30;50.00
"November 22, 2019 at 05:41AM",esp8266_readings,1,846,17.30;50.00
"November 22, 2019 at 05:42AM",esp8266_readings,1,847,17.30;50.00
"November 22, 2019 at 05:43AM",esp8266_readings,1,846,17.30;50.00
"November 22, 2019 at 05:44AM",esp8266_readings,1,847,17.30;50.00
"November 22, 2019 at 05:45AM",esp8266_readings,1,847,17.30;49.00
"November 22, 2019 at 05:46AM",esp8266_readings,1,847,17.30;49.00
"November 22, 2019 at 05:47AM",esp8266_readings,1,847,17.30;49.00
"November 22, 2019 at 05:48AM",esp8266_readings,1,848,17.30;49.00
"November 22, 2019 at 05:49AM",esp8266_readings,1,847,17.30;50.00
"November 22, 2019 at 05:50AM",esp8266_readings,1,847,17.30;49.00
"November 22, 2019 at 05:51AM",esp8266_readings,1,848,17.30;50.00
"November 22, 2019 at 05:52AM",esp8266_readings,1,847,17.30;50.00
"November 22, 2019 at 05:53AM",esp8266_readings,1,847,17.30;50.00
"November 22, 2019 at 05:54AM",esp8266_readings,1,847,17.30;50.00
"November 22, 2019 at 05:55AM",esp8266_readings,1,847,17.30;50.00
"November 22, 2019 at 05:56AM",esp8266_readings,1,847,17.40;50.00
"November 22, 2019 at 05:57AM",esp8266_readings,1,847,17.40;50.00
"November 22, 2019 at 05:58AM",esp8266_readings,1,848,17.30;50.00
"November 22, 2019 at 05:59AM",esp8266_readings,1,847,17.30;49.00
"November 22, 2019 at 06:00AM",esp8266_readings,1,847,17.30;50.00
"November 22, 2019 at 06:02AM",esp8266_readings,1,848,17.30;50.00
"November 22, 2019 at 06:03AM",esp8266_readings,1,847,17.30;50.00
"November 22, 2019 at 06:04AM",esp8266_readings,1,847,17.30;49.00
"November 22, 2019 at 06:05AM",esp8266_readings,1,847,17.30;49.00
"November 22, 2019 at 06:06AM",esp8266_readings,1,847,17.30;50.00
"November 22, 2019 at 06:07AM",esp8266_readings,1,847,17.30;49.00
"November 22, 2019 at 06:08AM",esp8266_readings,1,848,17.30;49.00
"November 22, 2019 at 06:09AM",esp8266_readings,1,847,17.30;50.00
"November 22, 2019 at 06:10AM",esp8266_readings,1,847,17.30;50.00
"November 22, 2019 at 06:11AM",esp8266_readings,1,847,17.30;49.00
"November 22, 2019 at 06:13AM",esp8266_readings,1,860,17.30;50.00
"November 22, 2019 at 06:14AM",esp8266_readings,1,856,17.30;50.00
"November 22, 2019 at 06:15AM",esp8266_readings,1,865,17.30;49.00
"November 22, 2019 at 06:16AM",esp8266_readings,1,865,17.30;50.00
"November 22, 2019 at 06:17AM",esp8266_readings,1,865,17.30;50.00
"November 22, 2019 at 06:18AM",esp8266_readings,1,865,17.30;51.00
"November 22, 2019 at 06:19AM",esp8266_readings,1,865,17.30;50.00
"November 22, 2019 at 06:20AM",esp8266_readings,1,864,17.30;50.00
"November 22, 2019 at 06:21AM",esp8266_readings,1,865,17.30;50.00
"November 22, 2019 at 06:22AM",esp8266_readings,1,865,17.30;50.00
"November 22, 2019 at 06:23AM",esp8266_readings,1,864,17.30;50.00
"November 22, 2019 at 06:24AM",esp8266_readings,1,865,17.30;50.00
"November 22, 2019 at 06:25AM",esp8266_readings,1,862,17.30;50.00
"November 22, 2019 at 06:26AM",esp8266_readings,1,865,17.30;50.00
"November 22, 2019 at 06:27AM",esp8266_readings,1,864,17.30;50.00
"November 22, 2019 at 06:28AM",esp8266_readings,1,865,17.30;50.00
"November 22, 2019 at 06:29AM",esp8266_readings,1,865,17.30;50.00
"November 22, 2019 at 06:30AM",esp8266_readings,1,865,17.30;50.00
"November 22, 2019 at 06:31AM",esp8266_readings,1,865,17.30;51.00
"November 22, 2019 at 06:32AM",esp8266_readings,1,865,17.30;50.00
"November 22, 2019 at 06:33AM",esp8266_readings,1,864,17.30;50.00
"November 22, 2019 at 06:34AM",esp8266_readings,1,865,17.20;50.00
"November 22, 2019 at 06:35AM",esp8266_readings,1,865,17.30;50.00
"November 22, 2019 at 06:36AM",esp8266_readings,1,864,17.20;50.00
"November 22, 2019 at 06:37AM",esp8266_readings,1,864,17.30;50.00
"November 22, 2019 at 06:38AM",esp8266_readings,1,865,17.20;50.00
"November 22, 2019 at 06:39AM",esp8266_readings,1,864,17.20;50.00
"November 22, 2019 at 06:40AM",esp8266_readings,1,864,17.20;50.00
"November 22, 2019 at 06:41AM",esp8266_readings,1,865,17.20;50.00
"November 22, 2019 at 06:42AM",esp8266_readings,1,864,17.20;50.00
"November 22, 2019 at 06:43AM",esp8266_readings,1,865,17.20;50.00
"November 22, 2019 at 06:44AM",esp8266_readings,1,864,17.20;50.00
"November 22, 2019 at 06:45AM",esp8266_readings,1,864,17.20;50.00
"November 22, 2019 at 06:46AM",esp8266_readings,1,865,17.20;50.00
"November 22, 2019 at 06:47AM",esp8266_readings,1,864,17.10;50.00
"November 22, 2019 at 06:48AM",esp8266_readings,1,864,17.10;50.00
"November 22, 2019 at 06:49AM",esp8266_readings,1,864,17.10;50.00
"November 22, 2019 at 06:50AM",esp8266_readings,1,862,17.10;50.00
"November 22, 2019 at 06:51AM",esp8266_readings,1,861,17.10;51.00
"November 22, 2019 at 06:52AM",esp8266_readings,1,861,17.10;50.00
"November 22, 2019 at 06:53AM",esp8266_readings,1,861,17.10;50.00
"November 22, 2019 at 06:54AM",esp8266_readings,1,861,17.10;50.00
"November 22, 2019 at 06:55AM",esp8266_readings,1,860,17.10;50.00
"November 22, 2019 at 06:56AM",esp8266_readings,1,860,17.10;50.00
"November 22, 2019 at 06:57AM",esp8266_readings,1,860,17.10;50.00
"November 22, 2019 at 06:58AM",esp8266_readings,1,859,17.10;50.00
"November 22, 2019 at 06:59AM",esp8266_readings,1,859,17.10;50.00
"November 22, 2019 at 07:00AM",esp8266_readings,1,858,17.10;50.00
"November 22, 2019 at 07:01AM",esp8266_readings,1,857,17.10;50.00
"November 22, 2019 at 07:02AM",esp8266_readings,1,857,17.10;50.00
"November 22, 2019 at 07:03AM",esp8266_readings,1,857,17.10;50.00
"November 22, 2019 at 07:05AM",esp8266_readings,1,858,17.10;50.00
"November 22, 2019 at 07:06AM",esp8266_readings,1,857,17.10;50.00
"November 22, 2019 at 07:07AM",esp8266_readings,1,856,17.10;50.00
"November 22, 2019 at 07:08AM",esp8266_readings,1,855,17.10;50.00
"November 22, 2019 at 07:09AM",esp8266_readings,1,854,17.10;50.00
"November 22, 2019 at 07:10AM",esp8266_readings,1,853,17.00;51.00
"November 22, 2019 at 07:11AM",esp8266_readings,1,850,17.00;51.00
"November 22, 2019 at 07:12AM",esp8266_readings,1,848,17.00;51.00
"November 22, 2019 at 07:13AM",esp8266_readings,1,847,17.00;51.00
"November 22, 2019 at 07:14AM",esp8266_readings,1,846,17.00;50.00
"November 22, 2019 at 07:15AM",esp8266_readings,1,846,17.00;51.00
"November 22, 2019 at 07:16AM",esp8266_readings,1,845,17.00;50.00
"November 22, 2019 at 07:17AM",esp8266_readings,1,845,17.00;51.00
"November 22, 2019 at 07:18AM",esp8266_readings,1,845,17.00;50.00
"November 22, 2019 at 07:19AM",esp8266_readings,1,846,17.00;50.00
"November 22, 2019 at 07:20AM",esp8266_readings,1,846,17.00;50.00
"November 22, 2019 at 07:21AM",esp8266_readings,1,847,17.00;50.00
"November 22, 2019 at 07:22AM",esp8266_readings,1,845,17.00;50.00
"November 22, 2019 at 07:23AM",esp8266_readings,1,843,17.00;50.00
"November 22, 2019 at 07:24AM",esp8266_readings,1,841,17.00;50.00
"November 22, 2019 at 07:25AM",esp8266_readings,1,842,17.00;50.00
"November 22, 2019 at 07:26AM",esp8266_readings,1,847,17.00;51.00
"November 22, 2019 at 07:27AM",esp8266_readings,1,848,17.00;51.00
"November 22, 2019 at 07:28AM",esp8266_readings,1,850,17.00;51.00
"November 22, 2019 at 07:29AM",esp8266_readings,1,850,17.00;51.00
"November 22, 2019 at 07:31AM",esp8266_readings,1,852,17.00;51.00
"November 22, 2019 at 07:32AM",esp8266_readings,1,852,17.00;51.00
"November 22, 2019 at 07:33AM",esp8266_readings,1,852,17.00;51.00
"November 22, 2019 at 07:34AM",esp8266_readings,1,855,17.00;51.00
"November 22, 2019 at 07:35AM",esp8266_readings,1,855,17.00;51.00
"November 22, 2019 at 07:36AM",esp8266_readings,1,855,17.00;51.00
"November 22, 2019 at 07:37AM",esp8266_readings,1,855,17.00;51.00
"November 22, 2019 at 07:38AM",esp8266_readings,1,853,17.00;52.00
"November 22, 2019 at 07:39AM",esp8266_readings,1,852,17.00;52.00
"November 22, 2019 at 07:40AM",esp8266_readings,1,852,17.00;52.00
"November 22, 2019 at 07:41AM",esp8266_readings,1,852,17.00;52.00
"November 22, 2019 at 07:42AM",esp8266_readings,1,850,17.00;53.00
"November 22, 2019 at 07:43AM",esp8266_readings,1,847,17.00;52.00
"November 22, 2019 at 07:44AM",esp8266_readings,1,846,17.00;53.00
"November 22, 2019 at 07:45AM",esp8266_readings,1,843,17.00;52.00
"November 22, 2019 at 07:46AM",esp8266_readings,1,842,17.00;53.00
"November 22, 2019 at 07:47AM",esp8266_readings,1,842,17.00;52.00
"November 22, 2019 at 07:48AM",esp8266_readings,1,842,17.00;54.00
"November 22, 2019 at 07:49AM",esp8266_readings,1,842,17.00;55.00
"November 22, 2019 at 07:50AM",esp8266_readings,1,841,17.00;55.00
"November 22, 2019 at 07:51AM",esp8266_readings,1,842,17.00;56.00
"November 22, 2019 at 07:52AM",esp8266_readings,1,842,17.00;56.00
"November 22, 2019 at 07:53AM",esp8266_readings,1,845,17.00;56.00
"November 22, 2019 at 07:54AM",esp8266_readings,1,845,17.00;57.00
"November 22, 2019 at 07:55AM",esp8266_readings,1,845,17.00;57.00
"November 22, 2019 at 07:56AM",esp8266_readings,1,846,17.00;57.00
"November 22, 2019 at 07:57AM",esp8266_readings,1,846,17.00;57.00
"November 22, 2019 at 07:58AM",esp8266_readings,1,846,17.00;57.00
"November 22, 2019 at 07:59AM",esp8266_readings,1,843,17.00;58.00
"November 22, 2019 at 08:00AM",esp8266_readings,1,841,17.00;58.00
"November 22, 2019 at 08:01AM",esp8266_readings,1,838,17.00;58.00
"November 22, 2019 at 08:02AM",esp8266_readings,1,836,17.00;58.00
"November 22, 2019 at 08:03AM",esp8266_readings,1,831,17.00;58.00
"November 22, 2019 at 08:04AM",esp8266_readings,1,824,17.00;58.00
"November 22, 2019 at 08:05AM",esp8266_readings,1,820,17.00;58.00
"November 22, 2019 at 08:06AM",esp8266_readings,1,818,17.00;58.00
"November 22, 2019 at 08:07AM",esp8266_readings,1,816,17.00;58.00
"November 22, 2019 at 08:08AM",esp8266_readings,1,812,17.00;58.00
"November 22, 2019 at 08:09AM",esp8266_readings,1,812,17.00;58.00
"November 22, 2019 at 08:10AM",esp8266_readings,1,816,17.00;58.00
"November 22, 2019 at 08:11AM",esp8266_readings,1,816,17.00;57.00
"November 22, 2019 at 08:12AM",esp8266_readings,1,817,16.90;57.00
"November 22, 2019 at 08:13AM",esp8266_readings,1,822,16.90;57.00
"November 22, 2019 at 08:14AM",esp8266_readings,1,822,16.90;57.00
"November 22, 2019 at 08:15AM",esp8266_readings,1,822,16.90;57.00
"November 22, 2019 at 08:16AM",esp8266_readings,1,830,16.90;57.00
"November 22, 2019 at 08:17AM",esp8266_readings,1,831,16.90;57.00
"November 22, 2019 at 08:18AM",esp8266_readings,1,829,16.90;56.00
"November 22, 2019 at 08:19AM",esp8266_readings,1,826,16.90;56.00
"November 22, 2019 at 08:20AM",esp8266_readings,1,831,16.90;56.00
"November 22, 2019 at 08:21AM",esp8266_readings,1,829,16.90;56.00
"November 22, 2019 at 08:22AM",esp8266_readings,1,825,16.90;56.00
"November 22, 2019 at 08:23AM",esp8266_readings,1,824,16.90;54.00
"November 22, 2019 at 08:24AM",esp8266_readings,1,824,16.90;55.00
"November 22, 2019 at 08:25AM",esp8266_readings,1,822,16.90;54.00
"November 22, 2019 at 08:26AM",esp8266_readings,1,824,17.00;55.00
"November 22, 2019 at 08:27AM",esp8266_readings,1,822,16.90;54.00
"November 22, 2019 at 08:28AM",esp8266_readings,1,820,17.00;55.00
"November 22, 2019 at 08:29AM",esp8266_readings,1,820,17.00;56.00
"November 22, 2019 at 08:30AM",esp8266_readings,1,819,17.00;56.00
"November 22, 2019 at 08:31AM",esp8266_readings,1,816,17.10;57.00
"November 22, 2019 at 08:32AM",esp8266_readings,1,810,17.10;58.00
"November 22, 2019 at 08:33AM",esp8266_readings,1,801,17.10;58.00
"November 22, 2019 at 08:34AM",esp8266_readings,1,797,17.20;59.00
"November 22, 2019 at 08:35AM",esp8266_readings,1,798,17.20;60.00
"November 22, 2019 at 08:36AM",esp8266_readings,1,805,17.30;60.00
"November 22, 2019 at 08:37AM",esp8266_readings,1,801,17.30;61.00
"November 22, 2019 at 08:38AM",esp8266_readings,1,787,17.30;60.00
"November 22, 2019 at 08:39AM",esp8266_readings,1,782,17.40;61.00
"November 22, 2019 at 08:40AM",esp8266_readings,1,781,17.40;62.00
"November 22, 2019 at 08:41AM",esp8266_readings,1,782,17.40;61.00
"November 22, 2019 at 08:42AM",esp8266_readings,1,775,17.50;62.00
"November 22, 2019 at 08:43AM",esp8266_readings,1,773,17.50;62.00
"November 22, 2019 at 08:44AM",esp8266_readings,1,775,17.60;62.00
"November 22, 2019 at 08:45AM",esp8266_readings,1,774,17.60;62.00
"November 22, 2019 at 08:46AM",esp8266_readings,1,773,17.60;62.00
"November 22, 2019 at 08:47AM",esp8266_readings,1,762,17.60;62.00
"November 22, 2019 at 08:48AM",esp8266_readings,1,748,17.60;62.00
"November 22, 2019 at 08:49AM",esp8266_readings,1,739,17.70;62.00
"November 22, 2019 at 08:50AM",esp8266_readings,1,744,17.70;62.00
"November 22, 2019 at 08:51AM",esp8266_readings,1,749,17.70;62.00
"November 22, 2019 at 08:52AM",esp8266_readings,1,745,17.70;62.00
"November 22, 2019 at 08:53AM",esp8266_readings,1,738,17.70;62.00
"November 22, 2019 at 08:54AM",esp8266_readings,1,727,17.70;62.00
"November 22, 2019 at 08:55AM",esp8266_readings,1,733,17.70;62.00
"November 22, 2019 at 08:56AM",esp8266_readings,1,745,17.70;62.00
"November 22, 2019 at 08:57AM",esp8266_readings,1,745,17.70;62.00
"November 22, 2019 at 08:58AM",esp8266_readings,1,736,17.70;61.00
"November 22, 2019 at 08:59AM",esp8266_readings,1,744,17.70;61.00
"November 22, 2019 at 09:00AM",esp8266_readings,1,738,17.70;61.00
"November 22, 2019 at 09:01AM",esp8266_readings,1,736,17.70;61.00
"November 22, 2019 at 09:02AM",esp8266_readings,1,738,17.70;61.00
"November 22, 2019 at 09:03AM",esp8266_readings,1,752,17.70;61.00
"November 22, 2019 at 09:04AM",esp8266_readings,1,747,17.70;60.00
"November 22, 2019 at 09:05AM",esp8266_readings,1,736,17.70;60.00
"November 22, 2019 at 09:06AM",esp8266_readings,1,739,17.70;60.00
"November 22, 2019 at 09:07AM",esp8266_readings,1,706,17.70;59.00
"November 22, 2019 at 09:08AM",esp8266_readings,1,662,17.70;60.00
"November 22, 2019 at 09:09AM",esp8266_readings,1,658,17.70;59.00
"November 22, 2019 at 09:10AM",esp8266_readings,1,693,17.70;59.00
"November 22, 2019 at 09:11AM",esp8266_readings,1,736,17.70;58.00
"November 22, 2019 at 09:12AM",esp8266_readings,1,756,17.80;58.00
"November 22, 2019 at 09:13AM",esp8266_readings,1,756,17.80;58.00
"November 22, 2019 at 09:14AM",esp8266_readings,1,748,17.80;58.00
"November 22, 2019 at 09:15AM",esp8266_readings,1,748,17.80;58.00
"November 22, 2019 at 09:16AM",esp8266_readings,1,742,17.80;58.00
"November 22, 2019 at 09:17AM",esp8266_readings,1,727,17.80;58.00
"November 22, 2019 at 09:18AM",esp8266_readings,1,702,17.80;57.00
"November 22, 2019 at 09:19AM",esp8266_readings,1,689,17.80;57.00
"November 22, 2019 at 09:20AM",esp8266_readings,1,682,17.80;57.00
"November 22, 2019 at 09:21AM",esp8266_readings,1,681,17.90;57.00
"November 22, 2019 at 09:22AM",esp8266_readings,1,661,17.90;57.00
"November 22, 2019 at 09:23AM",esp8266_readings,1,653,17.90;57.00
"November 22, 2019 at 09:24AM",esp8266_readings,1,645,17.90;57.00
"November 22, 2019 at 09:25AM",esp8266_readings,1,638,17.90;58.00
"November 22, 2019 at 09:26AM",esp8266_readings,1,622,17.90;57.00
"November 22, 2019 at 09:27AM",esp8266_readings,1,640,17.90;57.00
"November 22, 2019 at 09:28AM",esp8266_readings,1,666,17.90;57.00
"November 22, 2019 at 09:29AM",esp8266_readings,1,675,17.90;57.00
"November 22, 2019 at 09:30AM",esp8266_readings,1,662,17.90;57.00
"November 22, 2019 at 09:31AM",esp8266_readings,1,651,18.00;59.00
"November 22, 2019 at 09:32AM",esp8266_readings,1,657,18.00;58.00
"November 22, 2019 at 09:33AM",esp8266_readings,1,692,18.00;58.00
"November 22, 2019 at 09:34AM",esp8266_readings,1,717,18.00;59.00
"November 22, 2019 at 09:35AM",esp8266_readings,1,725,18.00;58.00
"November 22, 2019 at 09:36AM",esp8266_readings,1,738,18.00;58.00
"November 22, 2019 at 09:37AM",esp8266_readings,1,744,18.00;58.00
"November 22, 2019 at 09:38AM",esp8266_readings,1,749,18.00;58.00
"November 22, 2019 at 09:39AM",esp8266_readings,1,759,18.00;57.00
"November 22, 2019 at 09:40AM",esp8266_readings,1,765,18.00;57.00
"November 22, 2019 at 09:41AM",esp8266_readings,1,766,18.00;57.00
"November 22, 2019 at 09:42AM",esp8266_readings,1,766,18.00;57.00
"November 22, 2019 at 09:43AM",esp8266_readings,1,776,18.00;57.00
"November 22, 2019 at 09:44AM",esp8266_readings,1,782,18.00;57.00
"November 22, 2019 at 09:45AM",esp8266_readings,1,780,18.00;57.00
"November 22, 2019 at 09:46AM",esp8266_readings,1,778,18.10;57.00
"November 22, 2019 at 09:47AM",esp8266_readings,1,774,18.10;57.00
"November 22, 2019 at 09:48AM",esp8266_readings,1,760,18.10;57.00
"November 22, 2019 at 09:49AM",esp8266_readings,1,727,18.10;56.00
"November 22, 2019 at 09:50AM",esp8266_readings,1,675,18.10;56.00
"November 22, 2019 at 09:51AM",esp8266_readings,1,645,18.10;57.00
"November 22, 2019 at 09:52AM",esp8266_readings,1,634,18.10;56.00
"November 22, 2019 at 09:53AM",esp8266_readings,1,636,18.10;57.00
"November 22, 2019 at 09:54AM",esp8266_readings,1,653,18.10;56.00
"November 22, 2019 at 09:55AM",esp8266_readings,1,656,18.10;57.00
"November 22, 2019 at 09:56AM",esp8266_readings,1,657,18.20;56.00
"November 22, 2019 at 09:57AM",esp8266_readings,1,666,18.20;57.00
"November 22, 2019 at 09:58AM",esp8266_readings,1,664,18.20;57.00
"November 22, 2019 at 09:59AM",esp8266_readings,1,676,18.20;57.00
"November 22, 2019 at 10:00AM",esp8266_readings,1,703,18.20;56.00
"November 22, 2019 at 10:01AM",esp8266_readings,1,720,18.20;56.00
"November 22, 2019 at 10:02AM",esp8266_readings,1,727,18.20;57.00
"November 22, 2019 at 10:03AM",esp8266_readings,1,736,18.20;56.00
"November 22, 2019 at 10:04AM",esp8266_readings,1,746,18.30;57.00
"November 22, 2019 at 10:05AM",esp8266_readings,1,747,18.30;56.00
"November 22, 2019 at 10:06AM",esp8266_readings,1,739,18.30;56.00
"November 22, 2019 at 10:07AM",esp8266_readings,1,740,18.30;56.00
"November 22, 2019 at 10:08AM",esp8266_readings,1,730,18.30;56.00
"November 22, 2019 at 10:09AM",esp8266_readings,1,749,18.30;56.00
"November 22, 2019 at 10:10AM",esp8266_readings,1,756,18.30;56.00
"November 22, 2019 at 10:11AM",esp8266_readings,1,749,18.30;56.00
"November 22, 2019 at 10:12AM",esp8266_readings,1,716,18.30;56.00
"November 22, 2019 at 10:13AM",esp8266_readings,1,689,18.30;56.00
"November 22, 2019 at 10:14AM",esp8266_readings,1,668,18.30;56.00
"November 22, 2019 at 10:15AM",esp8266_readings,1,672,18.40;56.00
"November 22, 2019 at 10:16AM",esp8266_readings,1,724,18.40;56.00
"November 22, 2019 at 10:17AM",esp8266_readings,1,748,18.40;56.00
"November 22, 2019 at 10:18AM",esp8266_readings,1,758,18.40;55.00
"November 22, 2019 at 10:19AM",esp8266_readings,1,768,18.40;56.00
"November 22, 2019 at 10:20AM",esp8266_readings,1,762,18.40;55.00
"November 22, 2019 at 10:21AM",esp8266_readings,1,739,18.40;56.00
"November 22, 2019 at 10:22AM",esp8266_readings,1,727,18.40;55.00
"November 22, 2019 at 10:23AM",esp8266_readings,1,725,18.40;56.00
"November 22, 2019 at 10:24AM",esp8266_readings,1,725,18.40;55.00
"November 22, 2019 at 10:25AM",esp8266_readings,1,715,18.40;56.00
"November 22, 2019 at 10:26AM",esp8266_readings,1,720,18.40;56.00
"November 22, 2019 at 10:27AM",esp8266_readings,1,645,18.40;56.00
"November 22, 2019 at 10:28AM",esp8266_readings,1,673,18.40;55.00
"November 22, 2019 at 10:29AM",esp8266_readings,1,705,18.40;56.00
"November 22, 2019 at 10:30AM",esp8266_readings,1,701,18.40;56.00
"November 22, 2019 at 10:31AM",esp8266_readings,1,729,18.40;56.00
"November 22, 2019 at 10:32AM",esp8266_readings,1,735,18.40;56.00
"November 22, 2019 at 10:33AM",esp8266_readings,1,716,18.50;55.00
"November 22, 2019 at 10:34AM",esp8266_readings,1,685,18.50;54.00
"November 22, 2019 at 10:35AM",esp8266_readings,1,632,18.50;55.00
"November 22, 2019 at 10:36AM",esp8266_readings,1,630,18.50;55.00
"November 22, 2019 at 10:37AM",esp8266_readings,1,655,18.50;55.00
"November 22, 2019 at 10:38AM",esp8266_readings,1,681,18.50;56.00
"November 22, 2019 at 10:39AM",esp8266_readings,1,689,18.50;55.00
"November 22, 2019 at 10:41AM",esp8266_readings,1,696,18.50;56.00
"November 22, 2019 at 10:42AM",esp8266_readings,1,709,18.50;55.00
"November 22, 2019 at 10:43AM",esp8266_readings,1,706,18.60;55.00
"November 22, 2019 at 10:44AM",esp8266_readings,1,676,18.60;55.00
"November 22, 2019 at 10:45AM",esp8266_readings,1,666,18.60;55.00
"November 22, 2019 at 10:46AM",esp8266_readings,1,654,18.60;55.00
"November 22, 2019 at 10:47AM",esp8266_readings,1,626,18.60;55.00
"November 22, 2019 at 10:48AM",esp8266_readings,1,666,18.60;55.00
"November 22, 2019 at 10:49AM",esp8266_readings,1,676,18.60;55.00
"November 22, 2019 at 10:50AM",esp8266_readings,1,672,18.60;55.00
"November 22, 2019 at 10:51AM",esp8266_readings,1,666,18.60;55.00
"November 22, 2019 at 10:52AM",esp8266_readings,1,655,18.60;55.00
"November 22, 2019 at 10:53AM",esp8266_readings,1,620,18.60;54.00
"November 22, 2019 at 10:54AM",esp8266_readings,1,626,18.60;54.00
"November 22, 2019 at 10:55AM",esp8266_readings,1,642,18.60;55.00
"November 22, 2019 at 10:56AM",esp8266_readings,1,608,18.60;55.00
"November 22, 2019 at 10:57AM",esp8266_readings,1,646,18.60;55.00
"November 22, 2019 at 10:58AM",esp8266_readings,1,653,18.60;55.00
"November 22, 2019 at 10:59AM",esp8266_readings,1,654,18.70;55.00
"November 22, 2019 at 11:00AM",esp8266_readings,1,664,18.70;55.00
"November 22, 2019 at 11:01AM",esp8266_readings,1,626,18.70;55.00
"November 22, 2019 at 11:02AM",esp8266_readings,1,596,18.70;55.00
"November 22, 2019 at 11:03AM",esp8266_readings,1,541,18.70;55.00
"November 22, 2019 at 11:04AM",esp8266_readings,1,309,18.70;55.00
"November 22, 2019 at 11:05AM",esp8266_readings,1,448,18.70;55.00
"November 22, 2019 at 11:06AM",esp8266_readings,1,581,18.70;55.00
"November 22, 2019 at 11:07AM",esp8266_readings,1,556,18.70;54.00
"November 22, 2019 at 11:08AM",esp8266_readings,1,482,18.80;54.00
"November 22, 2019 at 11:09AM",esp8266_readings,1,506,18.80;54.00
"November 22, 2019 at 11:10AM",esp8266_readings,1,606,18.80;54.00
"November 22, 2019 at 11:11AM",esp8266_readings,1,614,18.80;54.00
"November 22, 2019 at 11:12AM",esp8266_readings,1,545,18.80;54.00
"November 22, 2019 at 11:13AM",esp8266_readings,1,494,18.80;54.00
"November 22, 2019 at 11:14AM",esp8266_readings,1,469,18.80;54.00
"November 22, 2019 at 11:15AM",esp8266_readings,1,469,18.90;54.00
"November 22, 2019 at 11:16AM",esp8266_readings,1,375,18.90;54.00
"November 22, 2019 at 11:17AM",esp8266_readings,1,426,18.90;53.00
"November 22, 2019 at 11:18AM",esp8266_readings,1,326,18.90;53.00
"November 22, 2019 at 11:19AM",esp8266_readings,1,404,18.90;53.00
"November 22, 2019 at 11:20AM",esp8266_readings,1,261,18.90;53.00
"November 22, 2019 at 11:21AM",esp8266_readings,1,330,19.00;53.00
"November 22, 2019 at 11:22AM",esp8266_readings,1,365,19.00;53.00
"November 22, 2019 at 11:23AM",esp8266_readings,1,469,19.00;53.00
"November 22, 2019 at 11:24AM",esp8266_readings,1,512,19.00;53.00
"November 22, 2019 at 11:25AM",esp8266_readings,1,554,19.00;53.00
"November 22, 2019 at 11:26AM",esp8266_readings,1,496,19.10;53.00
"November 22, 2019 at 11:27AM",esp8266_readings,1,447,19.10;53.00
"November 22, 2019 at 11:28AM",esp8266_readings,1,397,19.10;53.00
"November 22, 2019 at 11:29AM",esp8266_readings,1,435,19.10;52.00
"November 22, 2019 at 11:30AM",esp8266_readings,1,457,19.10;53.00
"November 22, 2019 at 11:31AM",esp8266_readings,1,468,19.10;54.00
"November 22, 2019 at 11:32AM",esp8266_readings,1,461,19.20;54.00
"November 22, 2019 at 11:33AM",esp8266_readings,1,466,19.20;54.00
"November 22, 2019 at 11:34AM",esp8266_readings,1,282,19.20;54.00
"November 22, 2019 at 11:35AM",esp8266_readings,1,496,19.20;53.00
"November 22, 2019 at 11:36AM",esp8266_readings,1,570,19.20;53.00
"November 22, 2019 at 11:37AM",esp8266_readings,1,616,19.20;53.00
"November 22, 2019 at 11:38AM",esp8266_readings,1,620,19.20;53.00
"November 22, 2019 at 11:39AM",esp8266_readings,1,652,19.20;53.00
"November 22, 2019 at 11:40AM",esp8266_readings,1,661,19.20;52.00
"November 22, 2019 at 11:41AM",esp8266_readings,1,679,19.20;52.00
"November 22, 2019 at 11:42AM",esp8266_readings,1,680,19.20;54.00
"November 22, 2019 at 11:43AM",esp8266_readings,1,669,19.30;54.00
"November 22, 2019 at 11:44AM",esp8266_readings,1,667,19.30;54.00
"November 22, 2019 at 11:45AM",esp8266_readings,1,662,19.30;54.00
"November 22, 2019 at 11:46AM",esp8266_readings,1,639,19.30;54.00
"November 22, 2019 at 11:47AM",esp8266_readings,1,624,19.30;54.00
"November 22, 2019 at 11:48AM",esp8266_readings,1,619,19.30;55.00
"November 22, 2019 at 11:49AM",esp8266_readings,1,661,19.30;55.00
"November 22, 2019 at 11:50AM",esp8266_readings,1,720,19.40;54.00
"November 22, 2019 at 11:51AM",esp8266_readings,1,738,19.30;54.00
"November 22, 2019 at 11:52AM",esp8266_readings,1,746,19.30;54.00
"November 22, 2019 at 11:53AM",esp8266_readings,1,734,19.40;54.00
"November 22, 2019 at 11:54AM",esp8266_readings,1,730,19.30;54.00
"November 22, 2019 at 11:55AM",esp8266_readings,1,727,19.40;54.00
"November 22, 2019 at 11:56AM",esp8266_readings,1,718,19.30;54.00
"November 22, 2019 at 11:57AM",esp8266_readings,1,709,19.40;54.00
"November 22, 2019 at 11:58AM",esp8266_readings,1,689,19.40;54.00
"November 22, 2019 at 11:59AM",esp8266_readings,1,686,19.30;54.00
"November 22, 2019 at 12:00PM",esp8266_readings,1,689,19.40;54.00
"November 22, 2019 at 12:01PM",esp8266_readings,1,687,19.40;53.00
"November 22, 2019 at 12:02PM",esp8266_readings,1,668,19.30;53.00
"November 22, 2019 at 12:03PM",esp8266_readings,1,628,19.40;53.00
"November 22, 2019 at 12:04PM",esp8266_readings,1,588,19.40;53.00
"November 22, 2019 at 12:05PM",esp8266_readings,1,576,19.40;53.00
"November 22, 2019 at 12:06PM",esp8266_readings,1,605,19.40;53.00
"November 22, 2019 at 12:07PM",esp8266_readings,1,601,19.40;53.00
"November 22, 2019 at 12:08PM",esp8266_readings,1,628,19.30;53.00
"November 22, 2019 at 12:09PM",esp8266_readings,1,626,19.30;53.00
"November 22, 2019 at 12:10PM",esp8266_readings,1,646,19.40;53.00
"November 22, 2019 at 12:11PM",esp8266_readings,1,610,19.40;53.00
"November 22, 2019 at 12:12PM",esp8266_readings,1,605,19.40;52.00
"November 22, 2019 at 12:13PM",esp8266_readings,1,614,19.40;52.00
"November 22, 2019 at 12:14PM",esp8266_readings,1,644,19.40;53.00
"November 22, 2019 at 12:15PM",esp8266_readings,1,627,19.40;52.00
"November 22, 2019 at 12:16PM",esp8266_readings,1,609,19.40;52.00
"November 22, 2019 at 12:17PM",esp8266_readings,1,622,19.40;52.00
"November 22, 2019 at 12:18PM",esp8266_readings,1,620,19.40;52.00
"November 22, 2019 at 12:19PM",esp8266_readings,1,602,19.40;52.00
"November 22, 2019 at 12:20PM",esp8266_readings,1,572,19.40;52.00
"November 22, 2019 at 12:21PM",esp8266_readings,1,608,19.40;52.00
"November 22, 2019 at 12:22PM",esp8266_readings,1,620,19.40;52.00
"November 22, 2019 at 12:23PM",esp8266_readings,1,630,19.40;52.00
"November 22, 2019 at 12:24PM",esp8266_readings,1,633,19.40;52.00
"November 22, 2019 at 12:25PM",esp8266_readings,1,627,19.40;52.00
"November 22, 2019 at 12:26PM",esp8266_readings,1,619,19.40;52.00
"November 22, 2019 at 12:27PM",esp8266_readings,1,598,19.40;52.00
"November 22, 2019 at 12:28PM",esp8266_readings,1,564,19.50;53.00
"November 22, 2019 at 12:29PM",esp8266_readings,1,555,19.50;52.00
"November 22, 2019 at 12:30PM",esp8266_readings,1,585,19.50;52.00
"November 22, 2019 at 12:31PM",esp8266_readings,1,596,19.50;51.00
"November 22, 2019 at 12:32PM",esp8266_readings,1,615,19.50;52.00
"November 22, 2019 at 12:33PM",esp8266_readings,1,610,19.50;52.00
"November 22, 2019 at 12:34PM",esp8266_readings,1,614,19.60;52.00
"November 22, 2019 at 12:35PM",esp8266_readings,1,604,19.60;52.00
"November 22, 2019 at 12:36PM",esp8266_readings,1,596,19.60;52.00
"November 22, 2019 at 12:37PM",esp8266_readings,1,594,19.60;52.00
"November 22, 2019 at 12:38PM",esp8266_readings,1,592,19.60;52.00
"November 22, 2019 at 12:39PM",esp8266_readings,1,613,19.70;51.00
"November 22, 2019 at 12:40PM",esp8266_readings,1,633,19.70;51.00
"November 22, 2019 at 12:41PM",esp8266_readings,1,673,19.60;51.00
"November 22, 2019 at 12:42PM",esp8266_readings,1,701,19.60;52.00
"November 22, 2019 at 12:43PM",esp8266_readings,1,716,19.60;52.00
"November 22, 2019 at 12:44PM",esp8266_readings,1,735,19.60;52.00
"November 22, 2019 at 12:45PM",esp8266_readings,1,735,19.60;52.00
"November 22, 2019 at 12:46PM",esp8266_readings,1,726,19.60;52.00
"November 22, 2019 at 12:47PM",esp8266_readings,1,715,19.60;52.00
"November 22, 2019 at 12:48PM",esp8266_readings,1,693,19.60;52.00
"November 22, 2019 at 12:49PM",esp8266_readings,1,681,19.60;52.00
"November 22, 2019 at 12:50PM",esp8266_readings,1,687,19.60;52.00
"November 22, 2019 at 12:51PM",esp8266_readings,1,686,19.60;52.00
"November 22, 2019 at 12:52PM",esp8266_readings,1,681,19.60;52.00
"November 22, 2019 at 12:53PM",esp8266_readings,1,663,19.60;51.00
"November 22, 2019 at 12:54PM",esp8266_readings,1,655,19.60;51.00
"November 22, 2019 at 12:55PM",esp8266_readings,1,648,19.60;51.00
"November 22, 2019 at 12:56PM",esp8266_readings,1,649,19.50;51.00
"November 22, 2019 at 12:57PM",esp8266_readings,1,666,19.60;51.00
"November 22, 2019 at 12:58PM",esp8266_readings,1,691,19.60;51.00
"November 22, 2019 at 12:59PM",esp8266_readings,1,708,19.60;51.00
"November 22, 2019 at 01:00PM",esp8266_readings,1,718,19.60;51.00
"November 22, 2019 at 01:01PM",esp8266_readings,1,715,19.60;51.00
"November 22, 2019 at 01:02PM",esp8266_readings,1,693,19.60;51.00
"November 22, 2019 at 01:03PM",esp8266_readings,1,688,19.60;51.00
"November 22, 2019 at 01:04PM",esp8266_readings,1,673,19.60;51.00
"November 22, 2019 at 01:05PM",esp8266_readings,1,656,19.60;51.00
"November 22, 2019 at 01:06PM",esp8266_readings,1,658,19.60;51.00
"November 22, 2019 at 01:07PM",esp8266_readings,1,648,19.60;51.00
"November 22, 2019 at 01:08PM",esp8266_readings,1,642,19.60;51.00
"November 22, 2019 at 01:09PM",esp8266_readings,1,644,19.60;51.00
"November 22, 2019 at 01:10PM",esp8266_readings,1,667,19.60;51.00
"November 22, 2019 at 01:11PM",esp8266_readings,1,684,19.60;51.00
"November 22, 2019 at 01:12PM",esp8266_readings,1,691,19.60;51.00
"November 22, 2019 at 01:13PM",esp8266_readings,1,705,19.60;51.00
"November 22, 2019 at 01:14PM",esp8266_readings,1,709,19.60;51.00
"November 22, 2019 at 01:15PM",esp8266_readings,1,689,19.60;51.00
"November 22, 2019 at 01:16PM",esp8266_readings,1,673,19.60;51.00
"November 22, 2019 at 01:17PM",esp8266_readings,1,652,19.60;51.00
"November 22, 2019 at 01:18PM",esp8266_readings,1,652,19.60;51.00
"November 22, 2019 at 01:19PM",esp8266_readings,1,642,19.60;51.00
"November 22, 2019 at 01:20PM",esp8266_readings,1,616,19.60;51.00
"November 22, 2019 at 01:21PM",esp8266_readings,1,590,19.60;51.00
"November 22, 2019 at 01:22PM",esp8266_readings,1,591,19.60;51.00
"November 22, 2019 at 01:23PM",esp8266_readings,1,622,19.60;50.00
"November 22, 2019 at 01:24PM",esp8266_readings,1,652,19.60;50.00
"November 22, 2019 at 01:25PM",esp8266_readings,1,628,19.60;50.00
"November 22, 2019 at 01:26PM",esp8266_readings,1,628,19.60;50.00
"November 22, 2019 at 01:27PM",esp8266_readings,1,642,19.60;50.00
"November 22, 2019 at 01:28PM",esp8266_readings,1,652,19.60;50.00
"November 22, 2019 at 01:29PM",esp8266_readings,1,653,19.60;50.00
"November 22, 2019 at 01:30PM",esp8266_readings,1,654,19.60;50.00
"November 22, 2019 at 01:31PM",esp8266_readings,1,669,19.70;50.00
"November 22, 2019 at 01:32PM",esp8266_readings,1,680,19.60;50.00
"November 22, 2019 at 01:33PM",esp8266_readings,1,706,19.60;50.00
"November 22, 2019 at 01:34PM",esp8266_readings,1,725,19.70;50.00
"November 22, 2019 at 01:35PM",esp8266_readings,1,732,19.70;50.00
"November 22, 2019 at 01:36PM",esp8266_readings,1,730,19.70;50.00
"November 22, 2019 at 01:37PM",esp8266_readings,1,735,19.70;50.00
"November 22, 2019 at 01:38PM",esp8266_readings,1,732,19.70;50.00
"November 22, 2019 at 01:39PM",esp8266_readings,1,732,19.70;49.00
"November 22, 2019 at 01:40PM",esp8266_readings,1,730,19.70;49.00
"November 22, 2019 at 01:41PM",esp8266_readings,1,717,19.60;49.00
"November 22, 2019 at 01:42PM",esp8266_readings,1,715,19.60;49.00
"November 22, 2019 at 01:43PM",esp8266_readings,1,706,19.50;49.00
"November 22, 2019 at 01:44PM",esp8266_readings,1,693,19.40;49.00
"November 22, 2019 at 01:45PM",esp8266_readings,1,705,19.40;49.00
"November 22, 2019 at 01:46PM",esp8266_readings,1,710,19.40;49.00
"November 22, 2019 at 01:47PM",esp8266_readings,1,709,19.30;49.00
"November 22, 2019 at 01:48PM",esp8266_readings,1,686,19.30;49.00
"November 22, 2019 at 01:49PM",esp8266_readings,1,680,19.30;49.00
"November 22, 2019 at 01:50PM",esp8266_readings,1,665,19.30;49.00
"November 22, 2019 at 01:51PM",esp8266_readings,1,648,19.30;49.00
"November 22, 2019 at 01:52PM",esp8266_readings,1,654,19.20;49.00
"November 22, 2019 at 01:53PM",esp8266_readings,1,658,19.20;49.00
"November 22, 2019 at 01:54PM",esp8266_readings,1,646,19.20;49.00
"November 22, 2019 at 01:55PM",esp8266_readings,1,646,19.20;49.00
"November 22, 2019 at 01:56PM",esp8266_readings,1,652,19.20;49.00
"November 22, 2019 at 01:57PM",esp8266_readings,1,663,19.20;49.00
"November 22, 2019 at 01:58PM",esp8266_readings,1,673,19.10;49.00
"November 22, 2019 at 01:59PM",esp8266_readings,1,694,19.10;49.00
"November 22, 2019 at 02:00PM",esp8266_readings,1,715,19.10;49.00
"November 22, 2019 at 02:01PM",esp8266_readings,1,722,19.10;49.00
"November 22, 2019 at 02:02PM",esp8266_readings,1,718,19.00;49.00
"November 22, 2019 at 02:03PM",esp8266_readings,1,713,19.00;49.00
"November 22, 2019 at 02:04PM",esp8266_readings,1,703,19.00;49.00
"November 22, 2019 at 02:05PM",esp8266_readings,1,693,19.00;49.00
"November 22, 2019 at 02:06PM",esp8266_readings,1,702,19.00;49.00
"November 22, 2019 at 02:07PM",esp8266_readings,1,706,19.00;49.00
"November 22, 2019 at 02:08PM",esp8266_readings,1,703,19.00;49.00
"November 22, 2019 at 02:09PM",esp8266_readings,1,694,19.00;49.00
"November 22, 2019 at 02:10PM",esp8266_readings,1,686,19.00;49.00
"November 22, 2019 at 02:11PM",esp8266_readings,1,694,19.00;49.00
"November 22, 2019 at 02:12PM",esp8266_readings,1,705,19.00;49.00
"November 22, 2019 at 02:13PM",esp8266_readings,1,702,18.90;49.00
"November 22, 2019 at 02:14PM",esp8266_readings,1,689,18.90;49.00
"November 22, 2019 at 02:15PM",esp8266_readings,1,682,18.90;49.00
"November 22, 2019 at 02:16PM",esp8266_readings,1,685,18.90;49.00
"November 22, 2019 at 02:17PM",esp8266_readings,1,689,18.90;49.00
"November 22, 2019 at 02:18PM",esp8266_readings,1,693,18.90;49.00
"November 22, 2019 at 02:19PM",esp8266_readings,1,691,18.90;49.00
"November 22, 2019 at 02:20PM",esp8266_readings,1,687,18.90;49.00
"November 22, 2019 at 02:21PM",esp8266_readings,1,692,18.90;49.00
"November 22, 2019 at 02:22PM",esp8266_readings,1,702,18.90;49.00
"November 22, 2019 at 02:23PM",esp8266_readings,1,702,18.90;49.00
"November 22, 2019 at 02:24PM",esp8266_readings,1,692,18.90;49.00
"November 22, 2019 at 02:25PM",esp8266_readings,1,692,18.90;49.00
"November 22, 2019 at 02:26PM",esp8266_readings,1,688,18.90;49.00
"November 22, 2019 at 02:27PM",esp8266_readings,1,691,18.90;49.00
"November 22, 2019 at 02:28PM",esp8266_readings,1,687,18.90;49.00
"November 22, 2019 at 02:29PM",esp8266_readings,1,701,18.90;49.00
"November 22, 2019 at 02:30PM",esp8266_readings,1,706,18.90;49.00
"November 22, 2019 at 02:31PM",esp8266_readings,1,706,18.80;49.00
"November 22, 2019 at 02:32PM",esp8266_readings,1,703,18.80;49.00
"November 22, 2019 at 02:33PM",esp8266_readings,1,700,18.80;49.00
"November 22, 2019 at 02:34PM",esp8266_readings,1,702,18.80;49.00
"November 22, 2019 at 02:35PM",esp8266_readings,1,704,18.80;49.00
"November 22, 2019 at 02:36PM",esp8266_readings,1,703,18.80;49.00
"November 22, 2019 at 02:37PM",esp8266_readings,1,709,18.80;49.00
"November 22, 2019 at 02:38PM",esp8266_readings,1,713,18.80;49.00
"November 22, 2019 at 02:39PM",esp8266_readings,1,716,18.80;49.00
"November 22, 2019 at 02:40PM",esp8266_readings,1,716,18.80;49.00
"November 22, 2019 at 02:41PM",esp8266_readings,1,712,18.80;49.00
"November 22, 2019 at 02:42PM",esp8266_readings,1,708,18.70;49.00
"November 22, 2019 at 02:43PM",esp8266_readings,1,703,18.70;49.00
"November 22, 2019 at 02:44PM",esp8266_readings,1,697,18.70;49.00
"November 22, 2019 at 02:45PM",esp8266_readings,1,702,18.70;49.00
"November 22, 2019 at 02:46PM",esp8266_readings,1,694,18.70;49.00
"November 22, 2019 at 02:47PM",esp8266_readings,1,687,18.70;49.00
"November 22, 2019 at 02:48PM",esp8266_readings,1,685,18.70;49.00
"November 22, 2019 at 02:49PM",esp8266_readings,1,689,18.70;49.00
"November 22, 2019 at 02:50PM",esp8266_readings,1,689,18.70;49.00
"November 22, 2019 at 02:51PM",esp8266_readings,1,703,18.70;49.00
"November 22, 2019 at 02:53PM",esp8266_readings,1,715,18.70;49.00
"November 22, 2019 at 02:54PM",esp8266_readings,1,728,18.70;49.00
"November 22, 2019 at 02:55PM",esp8266_readings,1,732,18.70;49.00
"November 22, 2019 at 02:56PM",esp8266_readings,1,730,18.70;49.00
"November 22, 2019 at 02:57PM",esp8266_readings,1,730,18.70;49.00
"November 22, 2019 at 02:58PM",esp8266_readings,1,724,18.70;49.00
"November 22, 2019 at 02:59PM",esp8266_readings,1,712,18.70;49.00
"November 22, 2019 at 03:00PM",esp8266_readings,1,709,18.70;49.00
"November 22, 2019 at 03:01PM",esp8266_readings,1,712,18.70;49.00
"November 22, 2019 at 03:02PM",esp8266_readings,1,722,18.70;49.00
"November 22, 2019 at 03:03PM",esp8266_readings,1,734,18.60;49.00
"November 22, 2019 at 03:04PM",esp8266_readings,1,736,18.60;49.00
"November 22, 2019 at 03:05PM",esp8266_readings,1,736,18.60;49.00
"November 22, 2019 at 03:06PM",esp8266_readings,1,734,18.60;49.00
"November 22, 2019 at 03:07PM",esp8266_readings,1,727,18.60;49.00
"November 22, 2019 at 03:08PM",esp8266_readings,1,721,18.60;49.00
"November 22, 2019 at 03:09PM",esp8266_readings,1,717,18.60;49.00
"November 22, 2019 at 03:10PM",esp8266_readings,1,718,18.60;49.00
"November 22, 2019 at 03:11PM",esp8266_readings,1,720,18.60;49.00
"November 22, 2019 at 03:12PM",esp8266_readings,1,716,18.60;49.00
"November 22, 2019 at 03:13PM",esp8266_readings,1,712,18.60;49.00
"November 22, 2019 at 03:14PM",esp8266_readings,1,708,18.60;49.00
"November 22, 2019 at 03:15PM",esp8266_readings,1,696,18.60;49.00
"November 22, 2019 at 03:16PM",esp8266_readings,1,702,18.60;49.00
"November 22, 2019 at 03:17PM",esp8266_readings,1,681,18.60;49.00
"November 22, 2019 at 03:18PM",esp8266_readings,1,668,18.60;49.00
"November 22, 2019 at 03:19PM",esp8266_readings,1,678,18.60;49.00
"November 22, 2019 at 03:20PM",esp8266_readings,1,691,18.60;49.00